fold,avg_precision,roc_auc,brier,precision_top10,top10_capture,top10_lift,model
1,0.07048957388939256,0.5,0.06552083361667714,0.049773755656108594,0.0707395498392283,0.706115144549039,C0
2,0.07542857142857143,0.5,0.06981019029906856,0.07077625570776255,0.09393939393939393,0.9383215718832157,C0
3,0.1546933025995646,0.5,0.13824015648075444,0.088348271446863,0.057119205298013245,0.5711189169938354,C0
4,0.09527439024390244,0.5,0.08696225289423205,0.1619047619047619,0.17,1.6993523809523812,C0
5,0.08251282762446263,0.5,0.07582934104287149,0.07340720221606649,0.08907563025210084,0.8896459414790847,C0
1,0.13883003877243827,0.6401324749433712,0.06646186954713829,0.1583710407239819,0.22508038585209003,2.2467300053833057,C1
2,0.1178503288251885,0.6184170506049369,0.06941523752760911,0.15296803652968036,0.20303030303030303,2.0279853327798536,C1
3,0.1802035942343465,0.565644278260067,0.13666443108246423,0.20102432778489115,0.12996688741721854,1.2995024633048138,C1
4,0.11482580012018971,0.5681196293176074,0.08764107726409427,0.13333333333333333,0.14,1.3994666666666669,C1
5,0.14001659318090895,0.6324426142887627,0.07420595084370299,0.1731301939058172,0.21008403361344538,2.0982215600921807,C1
1,0.16018419539288756,0.6467483815021196,0.06354701464795852,0.1832579185520362,0.2604501607717042,2.599787577657825,C2
2,0.11833116538872651,0.611699441884856,0.06932809893461145,0.17123287671232876,0.22727272727272727,2.2701328352013284,C2
3,0.20704594899063694,0.6054064029030318,0.13677937374616983,0.2330345710627401,0.15066225165562913,1.50642960714316,C2
4,0.12918426993114757,0.5849877843302442,0.08734859254917436,0.1295238095238095,0.136,1.359481904761905,C2
5,0.13693308211766844,0.6186062816904271,0.07490163181938621,0.15789473684210525,0.1915966386554622,1.913578062804069,C2
1,0.15044102546725605,0.6434906081255375,0.06574908509126068,0.18552036199095023,0.26366559485530544,2.631883720591872,C2B
2,0.11788669394705362,0.6219410420646514,0.06950153219404194,0.16210045662100456,0.21515151515151515,2.1490590839905908,C2B
3,0.180257644901795,0.5653155853367591,0.1367216813457791,0.19590268886043533,0.12665562913907286,1.2663941202906785,C2B
4,0.11784891941284763,0.5742729570345408,0.08751053012214598,0.13904761904761906,0.146,1.4594438095238094,C2B
5,0.14090293223572853,0.6305394104437421,0.07422857438362852,0.17174515235457063,0.20840336134453782,2.0814357876114435,C2B
1,0.27747134870289486,0.6854676649331078,0.060182505273610555,0.2171945701357466,0.3086816720257235,3.081229721668534,C3
2,0.3132739170554998,0.6650312769225006,0.061806084589033604,0.23059360730593606,0.30606060606060603,3.057112218071122,C3
3,0.2925109949901538,0.644021300204364,0.13115774391353038,0.27784891165172854,0.17963576158940397,1.7961276085168447,C3
4,0.23020399094162425,0.6462518955349621,0.08178899153534629,0.19047619047619047,0.2,1.9992380952380955,C3
5,0.23184942704222072,0.6271661264263868,0.07110998203813484,0.203601108033241,0.24705882352941178,2.467508554668405,C3
1,0.2572510758852438,0.6606944741734234,0.0582032184950136,0.18099547511312217,0.2572347266881029,2.567691434723778,C3d
2,0.2941847732275206,0.6269513428475111,0.05990235428571429,0.20776255707762556,0.27575757575757576,2.7544278400442783,C3d
3,0.2882467690744164,0.6280055776216928,0.12366338839800231,0.3034571062740077,0.19619205298013245,1.9616693235875216,C3d
4,0.2136957607101201,0.6187883319292334,0.08114979039634146,0.19047619047619047,0.2,1.9992380952380955,C3d
5,0.20949708486417787,0.5883649771879732,0.07410540840382748,0.18005540166204986,0.2184873949579832,2.182150422495868,C3d
