step,added_unit,k,aic,bic,method
0,(intercept only),0,27463.08177541356,27471.81756320805,newton
1,customer_state,26,26881.323196817502,27117.189467268698,newton
2,is_black_friday_period,27,26362.06379939866,26606.665857644344,newton
3,route_type,28,26262.66944477152,26516.00729081169,newton
4,promised_lead_days,29,26132.632169161818,26394.705802996476,newton
5,order_approved_month,31,25967.199835027946,26246.74504445158,newton
6,order_seller_count,32,25907.44422704325,26195.725224261372,newton
7,payment_value_sum,33,25840.515475606255,26137.532260618867,newton
8,approval_lag_hours,34,25797.561793261895,26103.314366068997,newton
9,is_december_peak,35,25759.62537991578,26074.11374051737,newton
10,order_item_count,36,25743.195861517943,26066.42000991402,newton
11,order_product_volume_cm3_sum,37,25723.934622422414,26055.89455861298,newton
12,orders_approved_prev_7d,38,25714.69429632713,26055.390020312185,newton
13,order_product_photos_mean,39,25706.002448726238,26055.433960505783,newton
14,seller_state_count,40,25699.977750472222,26058.145050046256,bfgs
15,payment_combination,44,25694.896895685033,26088.00734643702,bfgs
16,seller_dist_km_mean,45,25691.666187854848,26093.512426401325,bfgs
17,order_approved_day_of_week,47,25688.507774550133,26107.825588685588,bfgs
18,is_weekend_approval,48,25683.66271685529,26111.716318785235,bfgs
19,order_approved_day_of_month,49,25682.312901295518,26119.10229101995,bfgs
