model,split,avg_precision,roc_auc,brier,precision_top10,recall_top10,f1_top10,precision_at_0_5,recall_at_0_5,f1_at_0_5,top10_capture,top10_lift,late_rate,n_scored,n_known
C0,Train,0.08833637866527451,0.5,0.08053306286957976,0.0822096563723358,0.09308052203890667,0.08730800323362975,0.0,0.0,0.0,0.09308052203890667,0.9306432708074418,0.08833637866527451,45972,45972
C0,Validation,0.10378457059679767,0.5,0.09325198013678918,0.09606986899563319,0.09256661991584852,0.09428571428571428,0.0,0.0,0.0,0.09256661991584852,0.9256661991584852,0.10378457059679767,6870,6870
C1,Train,0.21325241277409812,0.6881862634879173,0.07602819811248754,0.2570682905611135,0.2910613149470574,0.2730107402702391,0.56,0.003447426742181729,0.006852667645619187,0.2910613149470574,2.910106735699461,0.08833637866527451,45972,45972
C1,Validation,0.24014883884760227,0.7178218340519837,0.08735041799900466,0.3027656477438137,0.2917251051893408,0.29714285714285715,0.25,0.001402524544179523,0.002789400278940028,0.2917251051893408,2.917251051893408,0.10378457059679767,6870,6870
C2,Train,0.1611250918534557,0.6494937581613637,0.07830378442148758,0.19551979121357113,0.22137404580152673,0.2076452246217808,0.0,0.0,0.0,0.22137404580152673,2.21335529221135,0.08833637866527451,45972,45972
C2,Validation,0.23872508654072433,0.712030298357085,0.0883874866824611,0.3056768558951965,0.29453015427769985,0.3,0.0,0.0,0.0,0.29453015427769985,2.945301542776998,0.10378457059679767,6870,6870
C2B,Train,0.21104763632706472,0.6866696939577248,0.07613390018238371,0.25859069160504566,0.29278502831814823,0.27462755514493586,0.6818181818181818,0.0036936715094804235,0.0073475385745775165,0.29278502831814823,2.9273408703440436,0.08833637866527451,45972,45972
C2B,Validation,0.24388942947489295,0.7212608324348778,0.08725579550960069,0.31149927219796214,0.30014025245441794,0.3057142857142857,0.0,0.0,0.0,0.30014025245441794,3.0014025245441793,0.10378457059679767,6870,6870
C3,Train,0.3979538378303005,0.7775738660712248,0.0705988560947206,0.3444976076555024,0.3900517114011327,0.3658621087885437,1.0,0.01822211278010342,0.03579201934703748,0.3900517114011327,3.8998384681454707,0.08833637866527451,45972,45972
C3,Validation,0.21943198013365045,0.700925251614999,0.090538733073484,0.24599708879184862,0.2370266479663394,0.24142857142857144,1.0,0.002805049088359046,0.005594405594405594,0.2370266479663394,2.370266479663394,0.10378457059679767,6870,6870
C3d,Train,1.0,1.0,0.009617956582267467,0.8832100913440626,1.0,0.9379836008776995,1.0,0.9997537552327013,0.9998768624553627,1.0,9.99826011309265,0.08833637866527451,45972,45972
C3d,Validation,0.20379263769516637,0.668554884906198,0.0888824017467249,0.23580786026200873,0.22720897615708274,0.23142857142857143,1.0,0.012622720897615708,0.024930747922437674,0.22720897615708274,2.272089761570827,0.10378457059679767,6870,6870
C0,June,0.022258326563769294,0.5,0.029373114083012637,0.014586709886547812,0.06569343065693431,0.02387267904509284,0.0,0.0,0.0,0.06569343065693431,0.6562954725597132,0.022258326563769294,6164,6155
C1,June,0.0816168319405422,0.6933736503385222,0.023482027828168377,0.07293354943273905,0.3284671532846715,0.11936339522546417,0.0,0.0,0.0,0.3284671532846715,3.281477362798566,0.022258326563769294,6164,6155
C2,June,0.06783218228110466,0.6918744981600211,0.025971036608624716,0.07293354943273905,0.3284671532846715,0.11936339522546417,0.0,0.0,0.0,0.3284671532846715,3.281477362798566,0.022258326563769294,6164,6155
C2B,June,0.08116976409011664,0.696231257565503,0.023359372598683613,0.06969205834683954,0.31386861313868614,0.11405835543766578,0.0,0.0,0.0,0.31386861313868614,3.1356339244519633,0.022258326563769294,6164,6155
C3,June,0.11215692321859022,0.6369274172615972,0.026799866607279392,0.07293354943273905,0.3284671532846715,0.11936339522546417,0.0,0.0,0.0,0.3284671532846715,3.281477362798566,0.022258326563769294,6164,6155
C3d,June,0.10969713710362942,0.652852876892437,0.02660333610885459,0.06969205834683954,0.31386861313868614,0.11405835543766578,1.0,0.043795620437956206,0.08391608391608392,0.31386861313868614,3.1356339244519633,0.022258326563769294,6164,6155
C0,July,0.051918367346938776,0.5,0.05253790816932689,0.04241435562805873,0.08176100628930817,0.055853920515574654,0.0,0.0,0.0,0.08176100628930817,0.817476684416264,0.051918367346938776,6129,6125
C0,August,0.07917045110505601,0.5,0.07382206328208714,0.07866868381240545,0.0994263862332696,0.08783783783783786,0.0,0.0,0.0,0.0994263862332696,0.993662189798758,0.07917045110505601,6606,6606
C1,July,0.09377151248811895,0.5822413417768406,0.053023878947591516,0.10603588907014681,0.20440251572327045,0.13963480128893663,0.75,0.009433962264150943,0.018633540372670808,0.20440251572327045,2.04369171104066,0.051918367346938776,6129,6125
C1,August,0.13551936853798843,0.6109434530423469,0.0774191488781975,0.13010590015128592,0.16443594646271512,0.14527027027027026,0.5882352941176471,0.019120458891013385,0.037037037037037035,0.16443594646271512,1.6433643908210227,0.07917045110505601,6606,6606
C2,July,0.09577678565414788,0.5776020699372801,0.0588291167213571,0.09951060358890701,0.1918238993710692,0.1310418904403867,1.0,0.006289308176100629,0.0125,0.1918238993710692,1.917926067284312,0.051918367346938776,6129,6125
C2,August,0.12859675826731803,0.6001845408748137,0.08132511477360078,0.14523449319213314,0.1835564053537285,0.16216216216216217,0.5714285714285714,0.0076481835564053535,0.01509433962264151,0.1835564053537285,1.83445327347463,0.07917045110505601,6606,6606
C2B,July,0.09929071109805268,0.5870522780465562,0.05235841806410329,0.09951060358890701,0.1918238993710692,0.1310418904403867,0.6666666666666666,0.006289308176100629,0.012461059190031152,0.1918238993710692,1.917926067284312,0.051918367346938776,6129,6125
C2B,August,0.13803937397792965,0.6209336806427591,0.07626705124226915,0.1361573373676248,0.17208413001912046,0.152027027027027,0.5625,0.017208413001912046,0.03339517625231911,0.17208413001912046,1.7197999438824656,0.07917045110505601,6606,6606
C3,July,0.11179881549412117,0.5439125193731703,0.051950741940545095,0.08972267536704731,0.17295597484276728,0.11815252416756175,0.0,0.0,0.0,0.17295597484276728,1.729277601649789,0.051918367346938776,6129,6125
C3,August,0.11373118461334747,0.4263016795388458,0.07820537014571126,0.1059001512859304,0.1338432122370937,0.11824324324324324,0.0,0.0,0.0,0.1338432122370937,1.3376221785752511,0.07917045110505601,6606,6606
C3d,July,0.12218453641621418,0.5905454055125401,0.05792298205895692,0.10440456769983687,0.20125786163522014,0.13748657357679916,1.0,0.03773584905660377,0.07272727272727272,0.20125786163522014,2.0122503001015732,0.051918367346938776,6129,6125
C3d,August,0.11592310261316646,0.5295490142889518,0.09359535060719212,0.09531013615733737,0.12045889101338432,0.10641891891891891,0.4722222222222222,0.032504780114722756,0.06082289803220036,0.12045889101338432,1.2038599607177258,0.07917045110505601,6606,6606
