fold,avg_precision,roc_auc,brier,precision_top10,top10_capture,top10_lift,model,strategy
1,0.1400373414977596,0.6427747604497687,0.06687726774298673,0.16515837104072398,0.2347266881028939,2.3430184341854474,C1,none
2,0.1191942914471516,0.6235906656178596,0.06944376522871995,0.1552511415525114,0.20606060606060606,2.058253770582538,C1,none
3,0.1806982478370448,0.5656985796853978,0.13717955959583403,0.19590268886043533,0.12665562913907286,1.2663941202906785,C1,none
4,0.11592677860994403,0.571418702611626,0.08774258408160553,0.12761904761904763,0.134,1.339489523809524,C1,none
5,0.14364437479834702,0.6338390253320192,0.074085869314424,0.1731301939058172,0.21008403361344538,2.0982215600921807,C1,none
1,0.12946433695132759,0.6471623657001547,0.20916415678498185,0.17647058823529413,0.2508038585209003,2.5034991488556835,C1,undersample
2,0.11097557579431051,0.60954639098026,0.28424727785949705,0.14840182648401826,0.19696969696969696,1.9674484571744846,C1,undersample
3,0.17017203704713668,0.5480484845262257,0.2785512234660529,0.17541613316261204,0.11341059602649006,1.133960748234137,C1,undersample
4,0.1093127498021233,0.5632742207245156,0.2381693077889944,0.11619047619047619,0.122,1.219535238095238,C1,undersample
5,0.1297399170362849,0.6245788158068548,0.26492891252954937,0.15096952908587258,0.18319327731092436,1.8296492004003815,C1,undersample
1,0.1321874997435089,0.6411047105599684,0.32415241943714224,0.16063348416289594,0.2282958199356913,2.278826148317353,C1,oversample
2,0.11122001638757309,0.6149117878413304,0.29421966456967164,0.1461187214611872,0.19393939393939394,1.9371800193718003,C1,oversample
3,0.17812448602953285,0.5604482714338888,0.2597906157676466,0.19206145966709348,0.12417218543046357,1.2415628630300768,C1,oversample
4,0.11534064781425246,0.5742165122156697,0.2110593716975892,0.12380952380952381,0.13,1.299504761904762,C1,oversample
5,0.13569884302209123,0.6333243575543881,0.2858414941927925,0.1634349030470914,0.19831932773109243,1.9807211527270185,C1,oversample
1,0.10399138795061544,0.600065390685826,0.06746626757943572,0.11312217194570136,0.1607717041800643,1.6048071467023612,C1,smotenc
2,0.11885013552231238,0.5670442371802076,0.07289514681617987,0.1415525114155251,0.18787878787878787,1.8766431437664315,C1,smotenc
3,0.17563038937834863,0.5424519263085765,0.1504729433539147,0.1946222791293214,0.12582781456953643,1.2581170345371446,C1,smotenc
4,0.12557592690375466,0.5649014321819713,0.10846217907811065,0.13523809523809524,0.142,1.4194590476190476,C1,smotenc
5,0.11978618768974164,0.6203011797221911,0.12807880940897803,0.13573407202216067,0.16470588235294117,1.6450057031122698,C1,smotenc
1,0.27747134870289486,0.6854676649331078,0.06018250527361057,0.2171945701357466,0.3086816720257235,3.081229721668534,C3,none
2,0.3132739170554998,0.6650312769225006,0.06180608458903359,0.23059360730593606,0.30606060606060603,3.057112218071122,C3,none
3,0.2925109949901538,0.644021300204364,0.1311577439135304,0.27784891165172854,0.17963576158940397,1.7961276085168447,C3,none
4,0.23020399094162425,0.6462518955349621,0.08178899153534629,0.19047619047619047,0.2,1.9992380952380955,C3,none
5,0.23184942704222072,0.6271661264263868,0.07110998203813484,0.203601108033241,0.24705882352941178,2.467508554668405,C3,none
1,0.25988890914324214,0.663480242839367,0.19873298070315662,0.20361990950226244,0.28938906752411575,2.8886528640642504,C3,undersample
2,0.3210914510215984,0.6787459265085964,0.20534855206873232,0.23515981735159816,0.31212121212121213,3.117649093676491,C3,undersample
3,0.28894251031343005,0.6337481728134708,0.23492306035184607,0.2893725992317542,0.1870860927152318,1.8706213802986493,C3,undersample
4,0.22710763374695847,0.6460884582982309,0.24985280659990788,0.2038095238095238,0.214,2.1391847619047617,C3,undersample
5,0.2368230837843877,0.6389966264619513,0.2506512625865075,0.19529085872576177,0.23697478991596638,2.36679391978398,C3,undersample
1,0.27226989393454815,0.6829939525376525,0.1746834897191593,0.2081447963800905,0.2958199356913183,2.9528451499323447,C3,oversample
2,0.3182012537208538,0.6670187661535004,0.18297844680976835,0.2237442922374429,0.296969696969697,2.9663069046630692,C3,oversample
3,0.29919870454115255,0.6394050520139936,0.2144435783066894,0.3034571062740077,0.19619205298013245,1.9616693235875216,C3,oversample
4,0.23264655772923853,0.6537257792754845,0.20312325765988154,0.19428571428571428,0.204,2.0392228571428572,C3,oversample
5,0.2285502853411514,0.6369879995529046,0.22529507548414315,0.1925207756232687,0.23361344537815126,2.333222374822505,C3,oversample
1,0.22153256638554475,0.6168145013646582,0.11185027576023863,0.16063348416289594,0.2282958199356913,2.278826148317353,C3,smotenc
2,0.31253746800766213,0.6496737461137956,0.09542952094786404,0.23515981735159816,0.31212121212121213,3.117649093676491,C3,smotenc
3,0.22261542624230699,0.5801205617049795,0.16706304492194027,0.2727272727272727,0.1763245033112583,1.7630192655027093,C3,smotenc
4,0.2115223524028143,0.5937582139848357,0.1317962479595234,0.1961904761904762,0.206,2.059215238095238,C3,smotenc
5,0.18964317117460686,0.624929633280156,0.1671815065200713,0.1772853185595568,0.21512605042016808,2.1485788775343932,C3,smotenc
