min_samples_split,min_samples_leaf,max_samples,max_features,max_depth,criterion,class_weight,mean_score,sd_score,mean_fit_time,mean_score_time,split0_test_score,split1_test_score,split2_test_score,split3_test_score,split4_test_score
50,1,0.7,log2,8.0,entropy,,0.2657303223977358,0.03278739085226262,1.366416597366333,0.04418668746948242,0.26650607052134817,0.3110431471691483,0.29203854657637723,0.22747761766625965,0.23158623005554582
2,5,0.5,log2,30.0,entropy,,0.26557032263614555,0.03234423237159059,1.854619073867798,0.08475565910339355,0.2621194367207305,0.308452307647198,0.2960007773838239,0.23325131308507813,0.22802777834389734
2,5,0.5,0.3,10.0,gini,,0.2651111859145348,0.033373617122367354,3.3517951011657714,0.05820894241333008,0.27231531411925247,0.3099178625302427,0.2890817116653405,0.22220694432647867,0.23203409693135954
5,100,0.9,log2,8.0,entropy,balanced_subsample,0.2643556451818508,0.03955888588285353,1.5407655239105225,0.04446830749511719,0.24587421127878367,0.3276944527284726,0.29230174329881736,0.23242616660445536,0.22348165199872477
50,5,,sqrt,,entropy,balanced_subsample,0.263570550518966,0.036912209751695686,4.288251161575317,0.08356766700744629,0.26150251316249856,0.31199248702907567,0.29810050005234057,0.22342823081456148,0.22282902153635373
10,10,,0.3,10.0,gini,balanced,0.26354552131448544,0.034481668082022326,4.095676279067993,0.06984634399414062,0.2558036230367534,0.3074980977317746,0.29975969260953034,0.23041656830405616,0.22424962489031278
10,1,0.5,0.5,10.0,gini,balanced,0.2634915552777525,0.035748818456880944,3.8343316555023192,0.06213998794555664,0.25763504354383265,0.31068133135364095,0.29750690041572164,0.2339709683829711,0.21766353269259592
2,20,,0.3,10.0,entropy,balanced,0.2633750853961391,0.03499466838631503,4.364732789993286,0.07191939353942871,0.25421257560818034,0.3116911470472704,0.29624187898547766,0.23130505720128808,0.223424768138479
20,2,0.9,0.5,30.0,entropy,,0.2630241264709239,0.03592475647368953,12.481475591659546,0.09380526542663574,0.2709048646121189,0.30538759215904254,0.29627619130373417,0.2228021185790514,0.2197498657006724
20,5,0.5,0.5,6.0,entropy,balanced,0.26286662509556546,0.036665189989114076,2.982776403427124,0.05018167495727539,0.26561196646325136,0.3134530839317289,0.2911507245948609,0.22556482991957671,0.21855252056840943
10,5,0.5,0.2,8.0,gini,,0.2627477045595404,0.034413520488276866,1.97321457862854,0.05767879486083984,0.2675189910746891,0.3109292510279613,0.28662597410656165,0.21906221722756797,0.2296020893609219
2,5,0.9,0.5,12.0,gini,balanced_subsample,0.26268532186789884,0.03630625611586047,9.120154762268067,0.09456143379211426,0.2552700611609798,0.30525602988350475,0.3041014728240299,0.23058690921991748,0.21821213625106223
10,50,0.9,log2,6.0,gini,,0.26212863893556276,0.03346196828711273,1.2954272270202636,0.041067314147949216,0.24250697703976662,0.31471682304051074,0.2884255742045788,0.23293416558736968,0.23205965480558804
20,20,,0.2,20.0,entropy,,0.26202722062536477,0.0337821344282046,5.135905170440674,0.10200600624084473,0.25372556122711737,0.30803388796194275,0.2942947264365295,0.23100099992205458,0.22308092757917988
50,2,0.7,0.5,6.0,gini,balanced,0.26201046953972706,0.035951467088303615,3.416476583480835,0.0481783390045166,0.2651490110018033,0.3100815151604783,0.2914059321832427,0.22552788019341485,0.2178880091596962
10,20,0.7,1.0,12.0,entropy,,0.2614877047256003,0.03310380526805759,15.46139030456543,0.07013506889343261,0.2551432791574514,0.308453831989116,0.29004487041789084,0.22337185562031045,0.2304246864432329
5,20,0.9,0.2,20.0,gini,balanced_subsample,0.2614027888739252,0.036193714415243584,4.264147806167602,0.0809981346130371,0.25133504048907485,0.31088497639147644,0.2962513059718086,0.22802403635638122,0.22051858516088493
50,10,0.5,0.7,6.0,gini,balanced_subsample,0.2612968402244188,0.03760057971239388,4.621365976333618,0.04237489700317383,0.2566055441632013,0.30979054402704526,0.2978668192798424,0.22911523171485187,0.21310606193715287
5,2,,sqrt,16.0,gini,balanced_subsample,0.26117990914475275,0.04009591972057799,3.7254474639892576,0.09116940498352051,0.2544325368596951,0.30688732293780324,0.30654899915513456,0.23104995270828707,0.20698073406284379
20,200,0.5,log2,6.0,gini,balanced,0.261166361669996,0.03760882976436643,0.8448009967803956,0.039709949493408205,0.23325472007472983,0.3225569632480364,0.28668729448883395,0.23980407449419683,0.22352875604418304
2,20,0.5,0.7,,gini,,0.2611145951330654,0.03163669696683113,9.295169353485107,0.06946220397949218,0.25064094090329975,0.30418840393079194,0.292468309839924,0.22676611942935662,0.2315092015619547
10,50,0.7,1.0,30.0,entropy,balanced_subsample,0.26077426864080633,0.03760943240331898,15.4476749420166,0.07354421615600586,0.24440042710957408,0.3154536784945827,0.2949660642240557,0.22747462960050796,0.22157654377531116
2,1,0.9,sqrt,16.0,entropy,balanced_subsample,0.26026307537165444,0.03774957198464238,3.94852819442749,0.09247541427612305,0.24822548836356503,0.30668757443757133,0.30209884432289646,0.23136675512680852,0.21293671460743083
2,200,0.7,log2,20.0,entropy,,0.26019748531531045,0.03826369930957659,1.1497817516326905,0.04313240051269531,0.24709273318928185,0.31935212614545283,0.2886635836645376,0.22854807653641526,0.21733090704086472
2,2,0.7,0.3,6.0,gini,,0.2601738274838799,0.03379296431956811,3.1073373317718507,0.04187068939208984,0.2608591177165734,0.309837225709426,0.28267870585534643,0.2173201944875415,0.23017389365051205
20,1,0.9,1.0,12.0,gini,balanced,0.2601372126327034,0.04098356079858852,12.522045183181763,0.07317309379577637,0.2556006021108757,0.31163120589311727,0.3004458148183594,0.2286201111647928,0.2043883291763717
5,10,0.9,0.7,6.0,entropy,,0.2600710464228915,0.03432895050527706,7.92077226638794,0.04473581314086914,0.26363527760017763,0.307225538399398,0.2863400351166532,0.22045453699797146,0.2226998440002573
50,50,,sqrt,,gini,,0.2600616964266881,0.03377645382627692,3.0865962505340576,0.07515058517456055,0.2424260837166607,0.3110717861164603,0.2891023380714996,0.22894820085692785,0.22876007337189191
20,200,0.5,log2,8.0,gini,balanced_subsample,0.25998669456354023,0.04222559054551477,0.9462044715881348,0.03793845176696777,0.24286058422350182,0.3191926808839425,0.3004740140719727,0.22455357058696823,0.21285262305131583
10,10,0.5,0.2,16.0,gini,balanced,0.25994125865299544,0.0373529121862289,2.30184268951416,0.08514313697814942,0.2541574715607602,0.30744810666536876,0.2983141668630955,0.22157927865560428,0.21820726952014846
50,10,0.9,0.5,6.0,gini,,0.2599177087161474,0.03192607134447888,5.195611763000488,0.0488858699798584,0.2644673347928605,0.30627762699400113,0.27985664139992167,0.22140197772550646,0.22758496266844688
20,50,0.9,1.0,8.0,gini,balanced_subsample,0.2594782436582228,0.037666873830242406,11.95997395515442,0.05434451103210449,0.24352034252314603,0.3144054859044125,0.292826913405145,0.23021957337279758,0.21641890308561296
5,20,0.9,1.0,12.0,entropy,,0.25912382081754315,0.03552661441243114,15.536988544464112,0.05216670036315918,0.25435848723913645,0.30545974215111316,0.2938175180790222,0.21717052443358775,0.2248128321848564
50,2,0.9,0.5,,gini,,0.25909946254713156,0.03824676676876612,14.222331285476685,0.08354387283325196,0.2649765087852267,0.3089547185174609,0.29056907502864776,0.2146135903933893,0.2163834200109334
50,100,,0.5,12.0,gini,balanced_subsample,0.25893032680381334,0.04003641721995815,7.570435953140259,0.06715879440307618,0.23765799875040267,0.31512954629227874,0.297237471198536,0.2335973682979201,0.21102924947992913
20,1,0.9,0.5,20.0,gini,balanced_subsample,0.25840556557743477,0.03767928920809735,10.46723394393921,0.10012345314025879,0.26013875539081605,0.3029315378033918,0.2969778289705851,0.21966906152724916,0.21231064419513185
2,50,,0.5,16.0,gini,,0.25823620952004156,0.03284551423953826,9.309942150115967,0.06620759963989258,0.2401162554012826,0.3071078398290157,0.28766520754377317,0.22767293326677046,0.22861881155936617
5,100,,sqrt,12.0,entropy,balanced,0.2580863063556699,0.04147318107119897,2.0967075347900392,0.05841917991638183,0.24162747944733418,0.31850199458103673,0.294972278857918,0.22270564913463892,0.21262412975742173
5,5,0.9,0.2,30.0,gini,balanced_subsample,0.2580722239464332,0.03634882615837193,4.548852014541626,0.10540881156921386,0.258012506782435,0.3009676055648329,0.29640388840457976,0.21866846279108973,0.21630865618922873
20,10,0.5,1.0,20.0,gini,balanced,0.2580277879270609,0.03825043918592,9.313971662521363,0.08720946311950684,0.25636851867614185,0.3071172376587731,0.29455036845880234,0.22079594694840243,0.21130686789318498
10,100,0.9,0.7,30.0,gini,,0.2580197516499034,0.03839789893962389,11.0217679977417,0.06878023147583008,0.23893085138761067,0.31310620271791506,0.2931312701963612,0.2327613668292477,0.21216906711838232
50,100,0.9,1.0,12.0,gini,balanced_subsample,0.25788739915057246,0.03835472648154333,13.742848539352417,0.06318387985229493,0.23807989679458044,0.31229274818113767,0.2944718467944768,0.23039763283101083,0.2141948711516563
10,20,0.5,1.0,,gini,balanced,0.25782820556522157,0.036459457516915816,8.552822971343994,0.07958354949951171,0.25252241201287934,0.30859286237831474,0.28956241348774303,0.2244668067313519,0.2139965332158188
20,100,,sqrt,8.0,gini,,0.2577715000485691,0.03665477909315647,1.9900474548339844,0.04731850624084473,0.2460856892195199,0.31547920935974505,0.28329598866754435,0.22648071602272946,0.21751589697330692
50,100,0.5,sqrt,6.0,gini,balanced_subsample,0.25750989281579184,0.040564407773410104,1.2367573738098145,0.058257246017456056,0.23841901842777835,0.31783012953475615,0.29281538601200113,0.22419693486226608,0.21428799524215777
10,5,0.7,1.0,30.0,gini,balanced_subsample,0.2574776877569892,0.03693921680830649,15.708444261550904,0.08497357368469238,0.25423712407902227,0.30343059802001554,0.29499442334420223,0.22346639233357896,0.21125990100812692
5,100,,0.3,,gini,balanced,0.256880726023535,0.03972952077239777,3.5916533946990965,0.06658000946044922,0.23841092420938034,0.313596684806045,0.29437089636838754,0.22452763418947663,0.2134974905443856
5,100,,0.7,12.0,gini,,0.2568128919991661,0.036790388403342034,10.72146725654602,0.06376848220825196,0.23993516957938654,0.3090286662329457,0.29115412036247695,0.23061610424398465,0.21333039957703653
10,50,0.5,0.3,6.0,entropy,,0.2566462549935381,0.03465769561633963,2.3373477935791014,0.045107126235961914,0.23889907119760173,0.31067672645741606,0.28396965757223347,0.2258556036381747,0.22383021610226483
50,100,,sqrt,8.0,entropy,,0.2566214744204614,0.03879087451451141,2.224806022644043,0.0541719913482666,0.24627341744099718,0.316417700596449,0.2850223893963373,0.21913513523287403,0.2162587294356494
20,5,0.7,1.0,30.0,entropy,balanced,0.25631980080664796,0.038144991019005835,15.75137243270874,0.09469094276428222,0.25367311145415283,0.30599764336536767,0.29267271100535297,0.21570563702485832,0.21354990118350786
2,1,0.9,0.3,,entropy,balanced,0.25565718537981186,0.03661568116481929,6.437093257904053,0.10956397056579589,0.2531156263016397,0.2999012958705127,0.2943284555650438,0.21812517225351605,0.21281537690834698
5,1,0.9,0.2,20.0,gini,balanced_subsample,0.2543698623930922,0.03888457089431401,4.94949197769165,0.10504984855651855,0.2433573848387558,0.30075238941767046,0.2984147201521815,0.22451437693113946,0.20481044062571396
10,50,,0.3,8.0,gini,,0.25424264465947305,0.034311752672382935,4.340388202667237,0.05963459014892578,0.23656337806050326,0.3067565861412078,0.2827285209452713,0.2226825985974475,0.2224821395529355
20,100,0.7,0.3,30.0,gini,,0.2540570741544237,0.03674852354278272,3.8533495903015136,0.06842598915100098,0.23573333006335506,0.31040668366022806,0.28400924915553166,0.22416634915394124,0.21596975873906257
2,200,0.5,0.2,10.0,entropy,balanced_subsample,0.25297956668396543,0.03889150503007653,1.8568454265594483,0.04982271194458008,0.23078279409596414,0.30975052271963727,0.28936804566346735,0.2191008151371412,0.21589565580361716
5,200,,sqrt,10.0,gini,,0.25285157285199433,0.03914634520057956,2.0679911613464355,0.0552182674407959,0.2388940990184836,0.3139306724030632,0.2817459806614909,0.21735440811293325,0.21233270406400084
2,1,0.7,log2,,gini,balanced_subsample,0.25255068826822746,0.038725194835937365,2.6502631664276124,0.09845314025878907,0.2578584845216975,0.29911501395634843,0.2889936754958305,0.2144727667191938,0.20231350064806705
50,200,,0.2,30.0,entropy,,0.2521237263889101,0.039390929311844486,3.0082931518554688,0.07573156356811524,0.2400519739264717,0.3127308241818251,0.2813708597704607,0.21865591959574737,0.20780905447004538
5,200,0.9,0.5,16.0,gini,,0.25057259282077576,0.038593753188159274,6.193621683120727,0.05373063087463379,0.23180317321044983,0.31039182569562085,0.2797408212413497,0.2254806811734968,0.2054464627829617
