feature,classification,regression
order_approved_day_of_week,11.779974751612148,11.788423969560778
order_approved_day_of_month,209.58892412240118,209.74138631112888
order_approved_month,33067.697105695144,33153.39875060244
order_approved_week_of_year,33163.46800796847,33258.615281115366
order_item_count,1.4999162266019594,1.503321483759455
order_seller_count,7.504953607357309,7.504793665840181
order_pdt_price_sum,983407.1174941488,inf
order_frieght_value_sum,9289.463374193205,inf
order_revenue_sum,1079756.8045439052,inf
order_product_weight_g_sum,3.3998210260214385,3.4094159236621473
order_product_category_count,1.4825985387101164,1.482733094968986
seller_dist_km_max,5662810.247197774,5664512.494524652
seller_dist_km_min,5671187.265804706,5672906.927591744
seller_dist_km_median,6007467.6018119715,6009297.819665585
seller_dist_km_mean,51762665.27015801,51778772.81077406
seller_zip_code_prefix_count,18.206196502158758,18.20444825150743
seller_city_count,13.640321364550113,13.639828062556534
seller_state_count,2.752598905455894,2.7532262809482995
payment_value_sum,inf,inf
payment_type_value_boleto,inf,inf
payment_type_value_credit_card,inf,inf
payment_type_value_debit_card,inf,inf
payment_type_value_not_defined,inf,inf
payment_type_value_voucher,inf,inf
payment_type_count_boleto,12.530391249505815,12.581544175584623
payment_type_count_credit_card,12.164661365462123,12.199810161422795
payment_type_count_debit_card,3.3830044032278197,3.390172652513178
payment_type_count_not_defined,inf,inf
payment_type_count_voucher,1.4058902389904702,1.409245474217228
promised_lead_days,1.8030203723672207,1.8100723810975277
approval_lag_hours,1.5322673028851024,1.555670423316777
order_product_volume_cm3_sum,3.3595050307401344,3.369843153646072
order_product_photos_mean,1.0116665620638383,1.0115735017978529
freight_to_price_ratio,1.3136803590108415,1.323520146616429
payment_installments_max,1.444340091622758,1.4525325913885205
is_weekend_approval,2.3721651844546523,2.372496452289658
is_black_friday_period,2.3309437227199354,2.3356843155235074
is_december_peak,2.16406305864089,2.168384411878445
orders_approved_prev_7d,2.5341483635548983,2.5329925213603013
