task,feature,vif
classification,numeric__order_approved_day_of_week,2.394157227217397
classification,numeric__order_approved_day_of_month,1.153357599399172
classification,numeric__order_approved_month,1.83289929681087
classification,numeric__order_item_count,1.508992075297134
classification,numeric__order_seller_count,2.2958621117022786
classification,numeric__order_frieght_value_sum,3.870466938429326
classification,numeric__order_product_weight_g_sum,3.411094795475092
classification,numeric__order_product_category_count,1.4780864481502847
classification,numeric__seller_dist_km_mean,6.039545103842162
classification,numeric__seller_state_count,2.7905130469708963
classification,numeric__payment_value_sum,1.6397815903070097
classification,numeric__promised_lead_days,2.145317570022827
classification,numeric__approval_lag_hours,1.5350807045649293
classification,numeric__order_product_volume_cm3_sum,3.3738936039013208
classification,numeric__order_product_photos_mean,1.0131767009863286
classification,numeric__freight_to_price_ratio,1.3051546214464214
classification,numeric__payment_installments_max,1.3941175461222124
classification,numeric__is_weekend_approval,2.371089794409595
classification,numeric__is_black_friday_period,2.330824738129753
classification,numeric__is_december_peak,2.1941128399857712
classification,numeric__orders_approved_prev_7d,1.9788083516559203
classification,categorical__customer_state_AC,1.0877610957873691
classification,categorical__customer_state_AL,1.159944620732055
classification,categorical__customer_state_AM,1.116004057741468
classification,categorical__customer_state_AP,1.0664161639887926
classification,categorical__customer_state_BA,1.5558181397126762
classification,categorical__customer_state_CE,1.7137291305686777
classification,categorical__customer_state_DF,1.149938277511996
classification,categorical__customer_state_ES,1.161407513591327
classification,categorical__customer_state_GO,1.158625792731172
classification,categorical__customer_state_MA,1.3927030682803128
classification,categorical__customer_state_MG,1.5164097755555068
classification,categorical__customer_state_MS,1.059956439319675
classification,categorical__customer_state_MT,1.167135593507856
classification,categorical__customer_state_PA,1.5773072352280397
classification,categorical__customer_state_PB,1.2472031663525467
classification,categorical__customer_state_PE,1.6641525845423941
classification,categorical__customer_state_PI,1.2029478649246137
classification,categorical__customer_state_PR,1.2466547030770767
classification,categorical__customer_state_RJ,1.6712788014775901
classification,categorical__customer_state_RN,1.224658807896716
classification,categorical__customer_state_RO,1.1415081555495528
classification,categorical__customer_state_RR,1.0415617671013861
classification,categorical__customer_state_RS,1.4392993297448682
classification,categorical__customer_state_SC,1.2212125393835098
classification,categorical__customer_state_SE,1.0997726559088261
classification,categorical__customer_state_TO,1.059952866512564
classification,categorical__route_type_2. All same-state,2.864556581881304
classification,categorical__route_type_3. Mixed,1.9978738765729944
classification,payment_combination__payment_combination_boleto,1.763149875639645
classification,payment_combination__payment_combination_credit_card+voucher,1.0198836813215753
classification,payment_combination__payment_combination_debit_card,1.0180673282468513
classification,payment_combination__payment_combination_voucher,1.0304966033885028
regression,numeric__order_approved_day_of_week,2.394782501236332
regression,numeric__order_approved_day_of_month,1.1535023716921458
regression,numeric__order_approved_month,1.8374885047364569
regression,numeric__order_item_count,1.5131471495055728
regression,numeric__order_seller_count,2.2961536544224326
regression,numeric__order_frieght_value_sum,3.905506308354502
regression,numeric__order_product_weight_g_sum,3.422028687188637
regression,numeric__order_product_category_count,1.4780451231287581
regression,numeric__seller_dist_km_mean,6.218330153415469
regression,numeric__seller_state_count,2.7904622544055258
regression,numeric__payment_value_sum,1.6596809204385146
regression,numeric__promised_lead_days,2.158858416778058
regression,numeric__approval_lag_hours,1.5587608165959468
regression,numeric__order_product_volume_cm3_sum,3.384828396417442
regression,numeric__order_product_photos_mean,1.0135740225121272
regression,numeric__freight_to_price_ratio,1.3198958261254998
regression,numeric__payment_installments_max,1.3962435607339347
regression,numeric__is_weekend_approval,2.3713859700112296
regression,numeric__is_black_friday_period,2.3356986578857484
regression,numeric__is_december_peak,2.199499804176857
regression,numeric__orders_approved_prev_7d,1.9798407262865587
regression,categorical__customer_state_AC,1.0903475707661012
regression,categorical__customer_state_AL,1.1654447725008088
regression,categorical__customer_state_AM,1.1206460457134901
regression,categorical__customer_state_AP,1.0681642544307561
regression,categorical__customer_state_BA,1.572849056775553
regression,categorical__customer_state_CE,1.7365957341246219
regression,categorical__customer_state_DF,1.1543663164239857
regression,categorical__customer_state_ES,1.1666775603731285
regression,categorical__customer_state_GO,1.1626472139689568
regression,categorical__customer_state_MA,1.403698928828754
regression,categorical__customer_state_MG,1.5293444858944534
regression,categorical__customer_state_MS,1.061653475286191
regression,categorical__customer_state_MT,1.171468247283104
regression,categorical__customer_state_PA,1.5948527162169228
regression,categorical__customer_state_PB,1.2561218315727773
regression,categorical__customer_state_PE,1.6855924276241196
regression,categorical__customer_state_PI,1.2102902812254936
regression,categorical__customer_state_PR,1.2524458999610257
regression,categorical__customer_state_RJ,1.6924773778529931
regression,categorical__customer_state_RN,1.2339511021504013
regression,categorical__customer_state_RO,1.1473160440183514
regression,categorical__customer_state_RR,1.039819677802715
regression,categorical__customer_state_RS,1.450661307419503
regression,categorical__customer_state_SC,1.2272821120005084
regression,categorical__customer_state_SE,1.1033189597257504
regression,categorical__customer_state_TO,1.0620220193784362
regression,categorical__route_type_2. All same-state,2.9409387733115424
regression,categorical__route_type_3. Mixed,1.998232185435711
regression,payment_combination__payment_combination_boleto,1.7862883154645512
regression,payment_combination__payment_combination_credit_card+voucher,1.0195819843367613
regression,payment_combination__payment_combination_debit_card,1.0176272207585928
regression,payment_combination__payment_combination_voucher,1.0304879494803059
