fold,rmse,mae,r2,median_ae,bias,model
1,8.507521710461262,5.7248737953189535,0.009197854530534566,4.0,-1.5293712712253327,R0a
2,8.474439614332919,5.643206711722209,0.03240809304214076,4.0,-1.7196457702167327,R0a
3,10.973995235490648,7.398701298701298,-0.2485075213504453,5.0,-4.997662337662337,R0a
4,9.337678178018752,6.6559015763168015,0.035605289734195744,5.0,-0.21876201460976546,R0a
5,9.032815542461902,6.197953175382027,0.047056665758740346,4.0,-0.4592737978410206,R0a
1,14.028473634373977,12.625975217989904,-1.6940251562292703,13.0,11.280862781092244,R0b
2,13.814557353494536,12.323700769051504,-1.5712493562936234,12.0,11.042880447448148,R0b
3,12.540210648824171,10.990389610389611,-0.6303141275075861,11.0,7.90961038961039,R0b
4,15.674885571442498,14.263744713571704,-1.71760150222137,14.0,12.67512495194156,R0b
5,15.215582448594104,13.844525445114257,-1.7039456416893293,14.0,12.364362820692556,R0b
1,7.667832335516661,5.847633632681656,0.19512947713773077,5.09362526142725,2.6271907108486117,R1
2,7.1342243689405205,4.59958815448396,0.3142532221424126,3.202832434613544,-0.22331558802640986,R1
3,10.328887281487695,6.753255994864689,-0.10603457772082847,4.058552675584827,-3.9646426429023855,R1
4,9.571567289587126,6.426359324025641,-0.013311868510265779,4.099271878725256,-3.1276506656713035,R1
5,8.433797840128806,5.874448936460611,0.16925608940709436,4.395782588572686,-0.6174080385367103,R1
1,7.520670900810907,4.993883434433687,0.22572724866850535,3.715582134949984,-0.07458304858794608,R2
2,7.392640444559543,4.793213088350708,0.26367522002435795,3.447947545716998,-0.5196652138905755,R2
3,10.091178371981288,6.52869962931354,-0.05571184439563792,3.8559221584170844,-3.4715106066936743,R2
4,9.277662366322101,6.663215648456711,0.04796230790751321,5.139763156840939,-1.256216703925665,R2
5,8.609909947891953,6.041471421061225,0.13419914275412603,4.624223750541965,-0.5921148524059763,R2
1,7.581622809084138,5.726482211799172,0.21312607417639995,4.976686130352075,2.4364296284094387,R2B
2,7.125337132274672,4.603019699722296,0.31596065315172284,3.225043078808559,-0.17603662731704967,R2B
3,10.321116203985468,6.745612212310328,-0.10437092376136792,4.0394854620742375,-3.952086506686747,R2B
4,9.599689246004042,6.449217973986531,-0.019274982690395737,4.127635249435194,-3.1525534931930745,R2B
5,8.432759652393871,5.866244218681118,0.16946060345187852,4.381134832638454,-0.6483659215933193,R2B
1,7.36863293697448,4.766697142383616,0.25671622593088383,3.380242325261886,-0.2511021254864323,R3
2,7.33591127209866,4.685319954090077,0.27493258484801764,3.180879671606787,-0.5457502146053516,R3
3,9.411326430841818,6.255203871701681,0.08174499818177805,4.091595666097934,-2.102961179604657,R3
4,8.948893672670478,6.455650563356546,0.11424071876703801,4.94141636144959,-0.728758141229541,R3
5,8.482982144902437,6.315370666547367,0.15953835486802315,5.214162983206922,0.9331363750178986,R3
1,7.472336738783231,5.0689490592014685,0.2356475248269717,3.7300000000000004,0.6261312528682883,R3d
2,7.77631848032436,5.4176788627359596,0.1852613367654291,3.9399999999999995,0.950426474015381,R3d
3,9.508162130806346,6.484254761904762,0.06275143189582666,4.300000000000001,-1.6344242424242426,R3d
4,9.142691394771184,6.76338011021402,0.07546121009639872,5.295,-0.1262322183775471,R3d
5,9.652457605670172,7.716093976354035,-0.08816962496669656,6.77,3.021552175335296,R3d
