split,criterion,model,value,threshold,passed
June,RMSE >= 10% below R0a,R1,0.37,0.1,pass
June,RMSE below R0b,R1,0.647,0.0,pass
June,RMSE >= 10% below R0a,R2,0.198,0.1,pass
June,RMSE below R0b,R2,0.551,0.0,pass
June,RMSE >= 10% below R0a,R2B,0.369,0.1,pass
June,RMSE below R0b,R2B,0.647,0.0,pass
June,RMSE >= 10% below R0a,R3,0.32,0.1,pass
June,RMSE below R0b,R3,0.619,0.0,pass
June,RMSE >= 10% below R0a,R3d,0.282,0.1,pass
June,RMSE below R0b,R3d,0.598,0.0,pass
June,Relative RMSE gain over best OLS (R1); reported,R3,-0.079,,reported
June,Relative RMSE gain over best OLS (R1); reported,R3d,-0.139,,reported
Validation,RMSE >= 10% below R0a,R1,0.168,0.1,pass
Validation,RMSE below R0b,R1,0.394,0.0,pass
Validation,RMSE >= 10% below R0a,R2,0.095,0.1,fail
Validation,RMSE below R0b,R2,0.341,0.0,pass
Validation,RMSE >= 10% below R0a,R2B,0.168,0.1,pass
Validation,RMSE below R0b,R2B,0.395,0.0,pass
Validation,RMSE >= 10% below R0a,R3,0.149,0.1,pass
Validation,RMSE below R0b,R3,0.38,0.0,pass
Validation,RMSE >= 10% below R0a,R3d,0.133,0.1,pass
Validation,RMSE below R0b,R3d,0.369,0.0,pass
Validation,Relative RMSE gain over best OLS (R1); reported,R3,-0.023,,reported
Validation,Relative RMSE gain over best OLS (R1); reported,R3d,-0.043,,reported
