unit,cv_stepwise,cv_step_entered,bic,aic,lasso,n_methods
promised_lead_days,True,1,True,True,True,4
customer_state,False,2,True,True,True,3
seller_dist_km_mean,False,3,True,True,True,3
order_seller_count,False,5,True,True,True,3
order_approved_day_of_week,False,6,True,True,True,3
approval_lag_hours,False,7,True,True,True,3
order_item_count,False,11,True,True,True,3
order_frieght_value_sum,False,12,True,True,True,3
is_black_friday_period,False,15,True,True,True,3
is_december_peak,False,16,True,True,True,3
order_approved_month,False,23,True,True,True,3
orders_approved_prev_7d,False,24,True,True,True,3
order_product_weight_g_sum,False,4,True,True,False,2
is_weekend_approval,False,9,True,True,False,2
route_type,False,10,True,True,False,2
seller_state_count,False,13,False,True,True,2
order_product_photos_mean,False,17,True,True,False,2
order_product_volume_cm3_sum,False,21,True,True,False,2
payment_combination,False,8,False,True,False,1
order_product_category_count,False,14,False,True,False,1
freight_to_price_ratio,False,18,False,True,False,1
payment_installments_max,False,20,False,True,False,1
payment_value_sum,False,19,False,False,False,0
order_approved_day_of_month,False,22,False,False,False,0
