step,unit,n_units,n_encoded_columns,cv_mean,cv_se,fold_1,fold_2,fold_3,fold_4,fold_5,n_convergence_warnings,chosen
1,order_approved_day_of_week,1,2,9.33998748221622,0.362882806780323,-8.584996577337254,-8.675264982937806,-10.59622068114053,-9.544866983091957,-9.298588186573552,0,False
1,order_approved_day_of_month,1,1,9.348824453956215,0.3642631783343182,-8.581971968417992,-8.697227778251245,-10.616045001211873,-9.533593094824646,-9.315284427075325,0,False
1,order_approved_month,1,2,9.421931859313208,0.20447601194720214,-9.278773810733846,-8.690394858801,-9.842313466371095,-9.667076519155565,-9.63110064150453,0,False
1,order_item_count,1,1,9.34138526319802,0.3570565137783563,-8.582310424749956,-8.700649692810382,-10.574326849238505,-9.545199993808506,-9.304439355382756,0,False
1,order_seller_count,1,1,9.328667065820541,0.3561072157954246,-8.58032334239468,-8.680551959248886,-10.557970579293187,-9.536779628661284,-9.287709819504672,0,False
1,order_frieght_value_sum,1,1,9.348499855415245,0.37324670544081356,-8.581741537633592,-8.648493235481673,-10.62871035496447,-9.60301335182823,-9.280540797168264,0,False
1,order_product_weight_g_sum,1,1,9.340675572128283,0.3562236168335147,-8.586908360664175,-8.695029244592307,-10.569290299902951,-9.546076744805305,-9.306073210676681,0,False
1,order_product_category_count,1,1,9.33576892961103,0.3567362639516253,-8.58044904180775,-8.688972195198184,-10.56615792160101,-9.53944367525122,-9.303821814196976,0,False
1,seller_dist_km_mean,1,1,9.374317855554889,0.3964956024847834,-8.588893485922453,-8.554795223913544,-10.692302840544528,-9.71453275955313,-9.321064967840785,0,False
1,seller_state_count,1,1,9.328746153490075,0.35562601038017744,-8.582571318668945,-8.683832962841045,-10.558595396515209,-9.53422375336007,-9.284507336065095,0,False
1,payment_value_sum,1,1,9.340507466775557,0.3575594924925926,-8.583341476917246,-8.689649857771453,-10.5700562992659,-9.55691186109342,-9.302577838829768,0,False
1,promised_lead_days,1,1,8.616765361691034,0.5184576336616239,-7.548499108089946,-7.445112359508225,-10.152374251255779,-9.326608680081312,-8.611232409519905,0,True
1,approval_lag_hours,1,1,9.30769590028328,0.3553259612970303,-8.547898437449103,-8.668789306792217,-10.53299043666883,-9.502231138315748,-9.286570182190495,0,False
1,order_product_volume_cm3_sum,1,1,9.340633847263819,0.3562785335434506,-8.585648761861009,-8.695749094403272,-10.569141980132494,-9.546511197544012,-9.306118202378299,0,False
1,order_product_photos_mean,1,1,9.340225972848149,0.35681597713945973,-8.584782662133458,-8.693292012528133,-10.570322933087411,-9.54710531365615,-9.305626942835584,0,False
1,freight_to_price_ratio,1,1,9.340372179115445,0.358117335436312,-8.591384158379913,-8.685974911044434,-10.579060664167342,-9.540682434047659,-9.304758727937864,0,False
1,payment_installments_max,1,1,9.341219971898653,0.3592705280433145,-8.575068070544758,-8.684136071107796,-10.571826795362584,-9.559624882882053,-9.315444039596073,0,False
1,is_weekend_approval,1,1,9.336855642210761,0.3624283305507271,-8.58069331270444,-8.67554126339613,-10.591754310412616,-9.540580854846407,-9.29570846969421,0,False
1,is_black_friday_period,1,1,9.340158710985705,0.3565996554509415,-8.58516703336626,-8.693333236430364,-10.569294637271007,-9.54730108172739,-9.305697566133503,0,False
1,is_december_peak,1,1,9.340158710985705,0.3565996554509415,-8.58516703336626,-8.693333236430364,-10.569294637271007,-9.54730108172739,-9.305697566133503,0,False
1,orders_approved_prev_7d,1,1,9.423977579457183,0.3317785744394982,-8.72681539508058,-8.82121830881936,-10.580061789894351,-9.547429304658383,-9.44436309883325,0,False
1,customer_state,1,26,9.339164384826066,0.3577215151296268,-8.636551237171282,-8.71994792959,-10.609605257447585,-9.547696085335053,-9.182021414586417,0,False
1,route_type,1,1,9.35306205949394,0.39547144672781176,-8.558977550025848,-8.531242611499481,-10.660923341953708,-9.68603815565227,-9.328128638338383,0,False
1,payment_combination,1,4,9.336319670417819,0.3579208892719606,-8.568394477212825,-8.69467100308346,-10.568491713841032,-9.540652533776337,-9.309388624175437,0,False
2,order_approved_day_of_week,2,3,8.61445903118773,0.5169477350869691,-7.543987131074223,-7.447192683112487,-10.13862781346582,-9.330824931432394,-8.61166259685372,0,False
2,order_approved_day_of_month,2,2,8.622475950998206,0.5223182472312312,-7.5467943342207935,-7.446049564017466,-10.182436681115563,-9.316576626598794,-8.620522549038414,0,False
2,order_approved_month,2,3,8.838565493874809,0.36794635622973026,-9.229465732008189,-7.466550842036845,-9.543970539025745,-9.238010616189237,-8.714829740114034,0,False
2,order_item_count,2,2,8.616155712203316,0.5184735955545335,-7.5469260449320625,-7.446096729415651,-10.155422488873032,-9.319472295469676,-8.612861002326158,0,False
2,order_seller_count,2,2,8.606168447982563,0.5186127692539699,-7.544188627502611,-7.428675262216052,-10.142536620080246,-9.316390199469419,-8.599051530644491,0,False
2,order_frieght_value_sum,2,2,8.552047989580537,0.5178401271904682,-7.471942972163817,-7.378268577107006,-10.064393527199874,-9.281045016483457,-8.56458985494853,0,False
2,order_product_weight_g_sum,2,2,8.606775858203406,0.5165928200078408,-7.542475350149027,-7.439341548304374,-10.139276848284393,-9.309026531640225,-8.603759012639015,0,False
2,order_product_category_count,2,2,8.61264595938999,0.5184419644631422,-7.5456572477276005,-7.440647845947089,-10.150589472944755,-9.318551779401163,-8.607783450929343,0,False
2,seller_dist_km_mean,2,2,8.480589427489479,0.5190513488782627,-7.370118132843566,-7.291794240139629,-9.947843096532079,-9.245128165299938,-8.548063502632182,0,False
2,seller_state_count,2,2,8.60826889037489,0.5175968025990039,-7.5478135911764745,-7.4353371043908405,-10.143834617552857,-9.315198534459501,-8.599160604294772,0,False
2,payment_value_sum,2,2,8.601423627801626,0.517015168685044,-7.537118451651468,-7.43483259756635,-10.14120557364812,-9.295309375821713,-8.598652140320484,0,False
2,approval_lag_hours,2,2,8.603706500779838,0.5170995637858964,-7.537574833915698,-7.436604826142096,-10.138559944241551,-9.306049244931843,-8.599743654668002,0,False
2,order_product_volume_cm3_sum,2,2,8.61056098503407,0.5172003137097434,-7.542722498394479,-7.442214421548963,-10.141763909655952,-9.31768444130242,-8.608419654268536,0,False
2,order_product_photos_mean,2,2,8.617162961603784,0.5182308400741835,-7.549733626274584,-7.444546303378085,-10.151048406360795,-9.32709960839466,-8.613386863610792,0,False
2,freight_to_price_ratio,2,2,8.615208811111613,0.5194695588884304,-7.542718798911711,-7.439493652038266,-10.1468628493874,-9.335247169108376,-8.611721586112312,0,False
2,payment_installments_max,2,2,8.615028080892618,0.5184001322566807,-7.546985442502787,-7.442307769271559,-10.148884400678373,-9.326400544761402,-8.610562247248968,0,False
2,is_weekend_approval,2,2,8.61594402277969,0.5196747408732223,-7.548637955307627,-7.441068035770961,-10.159539861232979,-9.322351563726695,-8.608122697860185,0,False
2,is_black_friday_period,2,2,8.616765361691034,0.5184576336616239,-7.548499108089946,-7.445112359508225,-10.152374251255779,-9.326608680081312,-8.611232409519905,0,False
2,is_december_peak,2,2,8.616765361691034,0.5184576336616239,-7.548499108089946,-7.445112359508225,-10.152374251255779,-9.326608680081312,-8.611232409519905,0,False
2,orders_approved_prev_7d,2,2,8.940872283125042,0.6583383666189522,-7.69992891943864,-7.588222214911591,-11.100639774536486,-9.677346303707422,-8.638224203031076,0,False
2,customer_state,2,27,8.418736351129034,0.5465209631705248,-7.200871404198898,-7.193421200333389,-9.933883182233972,-9.245256932129308,-8.520249036749604,0,True
2,route_type,2,2,8.516752192717771,0.5078697885825685,-7.452174345270947,-7.375186277189256,-10.007073367021833,-9.2245759893465,-8.524750984760317,0,False
2,payment_combination,2,5,8.61810459870674,0.5176077882594283,-7.549165253962938,-7.452498334946214,-10.153938852117225,-9.323972219714035,-8.61094833279329,0,False
3,order_approved_day_of_week,3,29,8.415639255224814,0.5443036265774583,-7.19246523797131,-7.196944361402523,-9.908303505549904,-9.254532354904626,-8.525950816295714,0,False
3,order_approved_day_of_month,3,28,8.423837744355389,0.5494256531474242,-7.200721173409589,-7.193837413564574,-9.958899503782085,-9.236863041101008,-8.528867589919686,0,False
3,order_approved_month,3,29,8.613898421507425,0.3653807568357974,-8.934366098675762,-7.263354173158506,-9.355637868093043,-9.033426834844418,-8.4827071327654,0,False
3,order_item_count,3,28,8.418110254668903,0.5463673227034934,-7.199751024045757,-7.194337539287503,-9.936512744715303,-9.237845054689215,-8.522104910606737,0,False
3,order_seller_count,3,28,8.40931659916097,0.5465150235943637,-7.197198572505689,-7.178960437989859,-9.925157979834363,-9.235584621692812,-8.509681383782127,0,False
3,order_frieght_value_sum,3,28,8.39930127494502,0.544758656049835,-7.181268020757232,-7.17810537631378,-9.900162699614418,-9.234178605605162,-8.502791672434515,0,False
3,order_product_weight_g_sum,3,28,8.405545200893476,0.5450503898230287,-7.189132660231,-7.184427722733481,-9.915771923855148,-9.229807947080186,-8.508585750567564,0,False
3,order_product_category_count,3,28,8.41469041994277,0.5461948347547169,-7.198809532556197,-7.189839734160041,-9.931785860249173,-9.23693877610916,-8.516078196639278,0,False
3,seller_dist_km_mean,3,28,8.382835970936814,0.5454357082681328,-7.148170935674766,-7.159142091936485,-9.862838553859417,-9.231999953885524,-8.512028319327873,0,True
3,seller_state_count,3,28,8.411975414112153,0.5454268454623379,-7.200677108658753,-7.1869249215686475,-9.926989139096904,-9.23466562647656,-8.510620274759905,0,False
3,payment_value_sum,3,28,8.410515668217958,0.5444821862240838,-7.198143936618686,-7.1924722804676,-9.928237567515943,-9.224463936315278,-8.509260620172286,0,False
3,approval_lag_hours,3,28,8.41315348656341,0.5452763599653104,-7.199204997058845,-7.191947957064601,-9.929624273653149,-9.232938722171959,-8.512051482868493,0,False
3,order_product_volume_cm3_sum,3,28,8.409582579287171,0.5459366956472264,-7.188066789621191,-7.186054653539039,-9.916372558587272,-9.240123354942009,-8.517295539746344,0,False
3,order_product_photos_mean,3,28,8.418754494044123,0.5467261044963961,-7.200662924886851,-7.190075923465605,-9.930506339708204,-9.248387458380119,-8.524139823779832,0,False
3,freight_to_price_ratio,3,28,8.419263346943023,0.5466225583799471,-7.2010472362489715,-7.193273662422185,-9.933865329975701,-9.246503135210066,-8.521627370858189,0,False
3,payment_installments_max,3,28,8.418415811637656,0.5465683579885432,-7.200442530279491,-7.1915563862607605,-9.931098918422643,-9.247419540916436,-8.52156168230895,0,False
3,is_weekend_approval,3,28,8.418450568967492,0.5471250721159334,-7.200972085238468,-7.191669313072728,-9.938906595166454,-9.241723152583704,-8.518981698776106,0,False
3,is_black_friday_period,3,28,8.418736351129018,0.5465209631705155,-7.200871404198898,-7.193421200333388,-9.933883182233902,-9.24525693212931,-8.5202490367496,0,False
3,is_december_peak,3,28,8.418736351129027,0.5465209631705221,-7.200871404198898,-7.193421200333388,-9.933883182233961,-9.24525693212929,-8.5202490367496,0,False
3,orders_approved_prev_7d,3,28,8.858775517574662,0.7506372169129419,-7.320819406291834,-7.304799582284945,-11.201320792704102,-9.833746250847398,-8.633191555745029,0,False
3,route_type,3,28,8.402467521305317,0.5462321462789825,-7.171700517265345,-7.184729043558675,-9.901532189974787,-9.245836082947605,-8.508539772780178,0,False
3,payment_combination,3,31,8.42075311255457,0.5455110705540591,-7.20384004036659,-7.199917467387376,-9.934433906282816,-9.244829306109072,-8.520744842627,0,False
4,order_approved_day_of_week,4,30,8.37892731015724,0.5431276748313801,-7.137651209952643,-7.162046505022856,-9.831698473307378,-9.243727813546451,-8.519512548956866,0,False
4,order_approved_day_of_month,4,29,8.387318916735428,0.5478698156256995,-7.148475862764283,-7.159332125929686,-9.884842774833041,-9.224241886961487,-8.51970193318864,0,False
4,order_approved_month,4,30,8.567664910398033,0.35959058429252083,-8.877793661834977,-7.246121487352023,-9.314228052392762,-8.974882608691393,-8.42529874171901,0,False
4,order_item_count,4,29,8.381972470796319,0.5453285143267831,-7.147249426147693,-7.159079230433887,-9.865551432652943,-9.224148848701173,-8.513833416045895,0,False
4,order_seller_count,4,29,8.372473700661253,0.5453878471651574,-7.144183905557758,-7.14308485079038,-9.852923689301793,-9.221397076397684,-8.500778981258648,0,False
4,order_frieght_value_sum,4,29,8.373744412075002,0.544083658633059,-7.141240722285822,-7.153868700175912,-9.846485383551414,-9.227271448079922,-8.499855806281937,0,False
4,order_product_weight_g_sum,4,29,8.369911449055206,0.5439419890412396,-7.136991323940958,-7.1512736274171,-9.845295723315537,-9.217908897423335,-8.498087673179098,0,True
4,order_product_category_count,4,29,8.378519864226515,0.5450415189382598,-7.145808007516032,-7.155349825668208,-9.860153623900683,-9.22331932240466,-8.507968541642997,0,False
4,seller_state_count,4,29,8.37524356883742,0.544306903286559,-7.147637351326779,-7.151204099562635,-9.854897724081647,-9.220648755651332,-8.501829913564702,0,False
4,payment_value_sum,4,29,8.377052112720216,0.5434628446040326,-7.1479986168493665,-7.160300747460329,-9.860030919227102,-9.214300595297725,-8.502629684766559,0,False
4,approval_lag_hours,4,29,8.37897514826987,0.5444524943874813,-7.147841412435083,-7.1584338313544436,-9.860646287428958,-9.222694145557522,-8.505260064573344,0,False
4,order_product_volume_cm3_sum,4,29,8.374062190647859,0.5448084354913016,-7.1355975742839455,-7.15341820464216,-9.845369825874128,-9.228473941916205,-8.507451406522845,0,False
4,order_product_photos_mean,4,29,8.383039254686484,0.5456914659158676,-7.14807094057931,-7.156169687034152,-9.860031942834501,-9.235156456716926,-8.515767246267533,0,False
4,freight_to_price_ratio,4,29,8.38277210134728,0.5452592808474419,-7.148749975668915,-7.159284449879972,-9.862903806091989,-9.23062489925895,-8.512297375836571,0,False
4,payment_installments_max,4,29,8.382780035528478,0.5455552794246699,-7.147698472440189,-7.157388432016036,-9.860104284124734,-9.234786440774394,-8.513922548287038,0,False
4,is_weekend_approval,4,29,8.382630796041589,0.5458623334749686,-7.148180852902273,-7.157951848121874,-9.86688857929002,-9.228814554809908,-8.51131814508387,0,False
4,is_black_friday_period,4,29,8.382835970936807,0.5454357082681298,-7.148170935674766,-7.159142091936486,-9.862838553859396,-9.231999953885524,-8.512028319327872,0,False
4,is_december_peak,4,29,8.38283597093681,0.5454357082681315,-7.148170935674766,-7.159142091936486,-9.862838553859413,-9.231999953885513,-8.512028319327872,0,False
4,orders_approved_prev_7d,4,29,8.861911229716759,0.7705018685795979,-7.254637027324635,-7.259213136396791,-11.227022305681848,-9.905166052921782,-8.663517626258738,0,False
4,route_type,4,29,8.381825685010545,0.5454865966705534,-7.144543055916527,-7.160325390997328,-9.859570046646539,-9.235135912793172,-8.509554018699165,0,False
4,payment_combination,4,32,8.384777087641941,0.5445050129377091,-7.150722050942876,-7.1645023040598455,-9.861743178288599,-9.233113674598796,-8.51380423031959,0,False
5,order_approved_day_of_week,5,31,8.365849707098329,0.5416216720537051,-7.126029825204072,-7.154129365833445,-9.813403758593294,-9.229957649946611,-8.505727935914226,0,False
5,order_approved_day_of_month,5,30,8.374478353646529,0.5463734822622356,-7.137445581673899,-7.151494170988358,-9.867382754490958,-9.210257824349126,-8.505811436730307,0,False
5,order_approved_month,5,31,8.542497166677457,0.3552321771171474,-8.824032079126184,-7.240297681555112,-9.293055202065151,-8.950494066845339,-8.404606803795495,0,False
5,order_item_count,5,30,8.366763863012412,0.5434145225781253,-7.134383982117904,-7.149803252739979,-9.844926164577876,-9.205677342366434,-8.499028573259865,0,False
5,order_seller_count,5,30,8.357890724431188,0.5437268985689345,-7.131850636813108,-7.133529798373455,-9.832770663671518,-9.205827130036106,-8.48547539326175,0,True
5,order_frieght_value_sum,5,30,8.369701096411275,0.5436852498305981,-7.137388073766846,-7.151622899929745,-9.842491521309807,-9.22085480662879,-8.496148180421189,0,False
5,order_product_category_count,5,30,8.364460238012162,0.5434311643758709,-7.133958275683571,-7.146296541205241,-9.841049509375384,-9.207925773219793,-8.493071090576827,0,False
5,seller_state_count,5,30,8.361590096899352,0.5427512218263564,-7.136117406168659,-7.142495685939461,-9.836331811313066,-9.205988195098543,-8.487017385977031,0,False
5,payment_value_sum,5,30,8.37060342562974,0.5434654664011087,-7.139761540657452,-7.153637800182467,-9.848554654818384,-9.213628442179163,-8.49743469031123,0,False
5,approval_lag_hours,5,30,8.366085671486541,0.5429748213385094,-7.136516446593517,-7.15064375933165,-9.843096134558994,-9.208709105256238,-8.491462911692311,0,False
5,order_product_volume_cm3_sum,5,30,8.371127652039123,0.5442693288770908,-7.135097024833083,-7.1518693485625535,-9.843360178833011,-9.222899497629856,-8.502412210337114,0,False
5,order_product_photos_mean,5,30,8.369954028326093,0.5441436022861971,-7.136770333176352,-7.148634429747502,-9.842433512443472,-9.220896758330422,-8.501035107932713,0,False
5,freight_to_price_ratio,5,30,8.370614347611433,0.5445200277232158,-7.135388149945203,-7.150010370770052,-9.843972244202558,-9.223080333251287,-8.500620639888062,0,False
5,payment_installments_max,5,30,8.370315561885878,0.544003928556112,-7.137673564262746,-7.1508040599749645,-9.844894981308068,-9.219644473889822,-8.498560729993784,0,False
5,is_weekend_approval,5,30,8.36973451316832,0.5443657603154464,-7.1369836379081155,-7.150167971789779,-9.849360289556328,-9.214763619155196,-8.497397047432171,0,False
5,is_black_friday_period,5,30,8.36991144905521,0.5439419890412421,-7.136991323940958,-7.1512736274171,-9.845295723315555,-9.217908897423335,-8.4980876731791,0,False
5,is_december_peak,5,30,8.36991144905521,0.5439419890412409,-7.136991323940958,-7.1512736274171,-9.845295723315541,-9.217908897423344,-8.4980876731791,0,False
5,orders_approved_prev_7d,5,30,8.855157610664575,0.771546995522371,-7.244216989123432,-7.2532289677335235,-11.223953603129356,-9.900478276883165,-8.653910216453404,0,False
5,route_type,5,30,8.368589952706687,0.5439769452958092,-7.13280497561859,-7.152556046255759,-9.84151008988312,-9.22115105849745,-8.494927593278517,0,False
5,payment_combination,5,33,8.371892006207812,0.5429399666802089,-7.139708536618713,-7.157109047967109,-9.844433264393832,-9.218668526467992,-8.499540655591415,0,False
6,order_approved_day_of_week,6,32,8.353865886730878,0.5414556030479569,-7.121219829729749,-7.13599730852597,-9.80114389864438,-9.218118808484384,-8.492849588269905,0,True
6,order_approved_day_of_month,6,31,8.362386469258906,0.5460944529144613,-7.132352075274134,-7.133738186802827,-9.854474368359623,-9.19806347373963,-8.493304242118322,0,False
6,order_approved_month,6,32,8.538980658778424,0.35940781787540516,-8.86714868748637,-7.21911201748755,-9.28103555662813,-8.939416598930544,-8.388190433359524,0,False
6,order_item_count,6,31,8.35729519459979,0.5433633598823358,-7.130824223438646,-7.134910932358798,-9.83390753121452,-9.199371957434371,-8.487461328552603,0,False
6,order_frieght_value_sum,6,31,8.356006152889629,0.5434678617224973,-7.131824422927493,-7.130925856283213,-9.827263264289986,-9.208917526622686,-8.481099694324763,0,False
6,order_product_category_count,6,31,8.357813052336088,0.5435452936329082,-7.131871133530561,-7.13471316941873,-9.83315010115603,-9.204702185382656,-8.484628672192464,0,False
6,seller_state_count,6,31,8.35749047342676,0.5435744227970903,-7.131873637431049,-7.133589335895528,-9.83241069431047,-9.204707667952068,-8.484871031544685,0,False
6,payment_value_sum,6,31,8.358235310041495,0.5431520650750302,-7.134716715446991,-7.135951109526174,-9.836336765653847,-9.200066456521544,-8.484105503058922,0,False
6,approval_lag_hours,6,31,8.354022077933333,0.5427493852986629,-7.131477124974192,-7.132831083364015,-9.830558880721911,-9.19658980685519,-8.478653493751361,0,False
6,order_product_volume_cm3_sum,6,31,8.359112592043656,0.5440972266857338,-7.129664564850515,-7.133954231416064,-9.830447546495854,-9.211332887935896,-8.490163729519958,0,False
6,order_product_photos_mean,6,31,8.357836001979093,0.5439350213134809,-7.131483974986645,-7.130854148544736,-9.829778143706617,-9.208881593455192,-8.488182149202279,0,False
6,freight_to_price_ratio,6,31,8.35860192412452,0.5443650790358674,-7.13005982353936,-7.131962974102755,-9.83113352824487,-9.211560914535891,-8.488292380199722,0,False
6,payment_installments_max,6,31,8.358344760917165,0.5438319855285437,-7.132450565995659,-7.1327835818783925,-9.832154822436364,-9.207886499710957,-8.48644833456445,0,False
6,is_weekend_approval,6,31,8.357696779672054,0.5441316595296445,-7.131863680282003,-7.1324129117194826,-9.836661161035003,-9.20274517942709,-8.484800965896687,0,False
6,is_black_friday_period,6,31,8.35789072443119,0.543726898568936,-7.131850636813107,-7.133529798373455,-9.832770663671527,-9.205827130036107,-8.48547539326175,0,False
6,is_december_peak,6,31,8.357890724431192,0.5437268985689364,-7.131850636813107,-7.133529798373455,-9.83277066367152,-9.205827130036125,-8.48547539326175,0,False
6,orders_approved_prev_7d,6,31,8.836149599118635,0.7674547037743539,-7.2383856125415535,-7.237591256996763,-11.191498031701368,-9.877205290787444,-8.636067803566043,0,False
6,route_type,6,31,8.356234177922996,0.5437672463426538,-7.127356403926376,-7.134429837802347,-9.82852414409835,-9.209055466134581,-8.481805037653322,0,False
6,payment_combination,6,34,8.36007475835856,0.5426010640092451,-7.134837905247345,-7.140156098304286,-9.831921483231044,-9.20653022928691,-8.486928075723219,0,False
7,order_approved_day_of_month,7,33,8.357669289824543,0.5433913388528391,-7.121220766520927,-7.136366624191632,-9.820208638259057,-9.209431349007886,-8.501119071143208,0,False
7,order_approved_month,7,34,8.522823111437216,0.35516396167438746,-8.812192661593896,-7.2166057726298565,-9.25981602664231,-8.937133846237654,-8.388367250082368,0,False
7,order_item_count,7,33,8.353204284584413,0.5410620815685868,-7.1202026569728325,-7.137320992443802,-9.802246551580112,-9.211407742635132,-8.494843479290187,0,False
7,order_frieght_value_sum,7,33,8.351936876774126,0.541194328690098,-7.12117068393902,-7.1333159315411505,-9.795452982294398,-9.221189594790166,-8.488555191305892,0,False
7,order_product_category_count,7,33,8.353794509018604,0.5412580476992394,-7.121235499710423,-7.137201525961622,-9.801392387552259,-9.217070080918933,-8.492073050949783,0,False
7,seller_state_count,7,33,8.353469510541453,0.5413102015692333,-7.121247170979393,-7.136016659238207,-9.800814079377721,-9.217010116193915,-8.492259526918037,0,False
7,payment_value_sum,7,33,8.354208831065455,0.5408727435655899,-7.1240342325434565,-7.138433226913179,-9.804880591298119,-9.212187119840516,-8.491508984732006,0,False
7,approval_lag_hours,7,33,8.350058274780402,0.5403401628561484,-7.120719195147579,-7.135639226515992,-9.797647494434871,-9.209785396927586,-8.486500060875985,0,True
7,order_product_volume_cm3_sum,7,33,8.35513128466325,0.5418883201626504,-7.118977090776568,-7.136340168916258,-9.798949464886705,-9.223689396316457,-8.497700302420256,0,False
7,order_product_photos_mean,7,33,8.353819316357095,0.5416957950067358,-7.120900084924653,-7.13332466957013,-9.798373074831906,-9.221123142681822,-8.49537560977697,0,False
7,freight_to_price_ratio,7,33,8.354589017904583,0.5421202392191627,-7.1194057656345135,-7.1344009743968435,-9.799427364006815,-9.224001260022241,-8.495709725462499,0,False
7,payment_installments_max,7,33,8.354509010083586,0.5416282113365408,-7.121918172689221,-7.1352574651722,-9.800916939051893,-9.220422304430427,-8.494030169074195,0,False
7,is_weekend_approval,7,33,8.351785363284637,0.5414181430213759,-7.120075551816842,-7.134059811454647,-9.802057922281621,-9.212097885855659,-8.490635645014423,0,False
7,is_black_friday_period,7,33,8.353865886730878,0.5414556030479565,-7.121219829729749,-7.13599730852597,-9.801143898644375,-9.218118808484387,-8.492849588269907,0,False
7,is_december_peak,7,33,8.35386588673088,0.5414556030479577,-7.121219829729749,-7.13599730852597,-9.801143898644378,-9.218118808484396,-8.492849588269907,0,False
7,orders_approved_prev_7d,7,33,8.838677334244002,0.763656917343883,-7.231975393178085,-7.243437202334526,-11.155867437101639,-9.904107307801745,-8.657999330804017,0,False
7,route_type,7,33,8.352120270257553,0.541481522494399,-7.116647031758758,-7.1367807019436045,-9.796309005526986,-9.221678999472624,-8.489185612585782,0,False
7,payment_combination,7,36,8.356180136559596,0.5404724637926321,-7.124148507404204,-7.142113108993094,-9.800255866883628,-9.21979973002711,-8.494583469489939,0,False
8,order_approved_day_of_month,8,34,8.353812621336251,0.5422647018263103,-7.120679581753785,-7.135961532325095,-9.81632235882959,-9.201437865231707,-8.49466176854108,0,False
8,order_approved_month,8,35,8.515542371452373,0.35527430838778634,-8.791613975419109,-7.209831158532921,-9.258926735672926,-8.932264617680213,-8.385075369956692,0,False
8,order_item_count,8,34,8.349167595659797,0.5398443912475785,-7.119579527070278,-7.137136156601876,-9.798449618094834,-9.202370709660846,-8.48830196687115,0,False
8,order_frieght_value_sum,8,34,8.348663867508302,0.5402990718834226,-7.12060240760407,-7.132894059931212,-9.792757142592906,-9.21396900955045,-8.483096717862862,0,False
8,order_product_category_count,8,34,8.349977403977027,0.5401341399838308,-7.120725570625504,-7.136878592086467,-9.79786751343558,-9.208709634954573,-8.485705708783012,0,False
8,seller_state_count,8,34,8.349665217844498,0.540202179923971,-7.1207298643160035,-7.135645274701871,-9.797334487039556,-9.208693017631749,-8.485923445533304,0,False
8,payment_value_sum,8,34,8.350414235124195,0.5397988563307312,-7.1235045744022525,-7.137915400168513,-9.801400958343104,-9.204030251036498,-8.48521999167061,0,False
8,order_product_volume_cm3_sum,8,34,8.35127140012021,0.5407692534709585,-7.11844153263078,-7.135930896106879,-9.79541321870599,-9.215310142186238,-8.491261210971158,0,False
8,order_product_photos_mean,8,34,8.350028323143704,0.5405941589041718,-7.120376620905789,-7.132956157891923,-9.794954565405135,-9.212812367597081,-8.489041903918586,0,False
8,freight_to_price_ratio,8,34,8.350908705913639,0.5410023327026067,-7.119029374727039,-7.134185100055465,-9.796128514656422,-9.215696891828667,-8.489503648300598,0,False
8,payment_installments_max,8,34,8.350337791959651,0.5402847223565498,-7.12168062414933,-7.134727010102154,-9.796380974645183,-9.211096678515792,-8.487803672385793,0,False
8,is_weekend_approval,8,34,8.347664842867795,0.5402362255098949,-7.119487865252144,-7.133549646797024,-9.798384928267017,-9.202903818612066,-8.483997955410725,0,False
8,is_black_friday_period,8,34,8.350058274780404,0.5403401628561489,-7.120719195147579,-7.135639226515992,-9.797647494434878,-9.209785396927582,-8.486500060875986,0,False
8,is_december_peak,8,34,8.3500582747804,0.5403401628561476,-7.120719195147579,-7.135639226515992,-9.797647494434873,-9.209785396927575,-8.486500060875986,0,False
8,orders_approved_prev_7d,8,34,8.830722552712341,0.760970528822953,-7.231412368285933,-7.242936930918495,-11.143753159270977,-9.888464865069722,-8.647045440016587,0,False
8,route_type,8,34,8.348457387100636,0.540420898373627,-7.116245663158574,-7.136340033157702,-9.793065986459444,-9.213629967173304,-8.483005285554158,0,False
8,payment_combination,8,37,8.34695819673791,0.5381640569319657,-7.121865595028148,-7.136170665592585,-9.784825416945994,-9.206572255085035,-8.485357051037791,0,True
9,order_approved_day_of_month,9,38,8.350288116494275,0.5398665901533175,-7.1218215412502115,-7.136408186685621,-9.801478708760595,-9.198948879027386,-8.492783266747567,0,False
9,order_approved_month,9,39,8.505324298464178,0.3551487383971607,-8.753822946981137,-7.200932858981558,-9.256353291267805,-8.930619172539128,-8.384893222551263,0,False
9,order_item_count,9,38,8.346090632714587,0.537651674795866,-7.120752233713011,-7.137707561290024,-9.785479250213086,-9.199314726876308,-8.487199391480498,0,False
9,order_frieght_value_sum,9,38,8.345804264693175,0.5381493041442661,-7.122254663971055,-7.133463849077712,-9.780636522156868,-9.21064663337946,-8.482019654880776,0,False
9,order_product_category_count,9,38,8.346850571872153,0.537974472902157,-7.121896851892947,-7.137249445788962,-9.785051035884997,-9.205515326880086,-8.484540198913779,0,False
9,seller_state_count,9,38,8.346585705648618,0.5380307550838949,-7.121850901035605,-7.136227025621059,-9.78453052530943,-9.205548965513886,-8.484771110763111,0,False
9,payment_value_sum,9,38,8.347810133892228,0.5376829720659245,-7.124848262242067,-7.139056717691666,-9.789345572958199,-9.201429359565198,-8.484370757004017,0,False
9,order_product_volume_cm3_sum,9,38,8.34815750597277,0.5386121989563005,-7.119472936462552,-7.136488168389551,-9.782611010210413,-9.212133327160945,-8.49008208764039,0,False
9,order_product_photos_mean,9,38,8.346921153274355,0.5383795172238012,-7.121676614589436,-7.133467542961434,-9.78200113022721,-9.209477373369678,-8.48798310522401,0,False
9,freight_to_price_ratio,9,38,8.347600330613245,0.5388431213988658,-7.120022585259609,-7.134271002296217,-9.7828661257631,-9.212552103909415,-8.48828983583789,0,False
9,payment_installments_max,9,38,8.348470583215251,0.5379989053071791,-7.1241480440475415,-7.138023960397095,-9.786157424482498,-9.208037854078153,-8.48598563307097,0,False
9,is_weekend_approval,9,38,8.345052004458283,0.5380785282551787,-7.120865277885119,-7.134750302918399,-9.786103910634536,-9.200251815345064,-8.483288715508303,0,True
9,is_black_friday_period,9,38,8.346958196737912,0.5381640569319661,-7.121865595028148,-7.1361706655925845,-9.784825416945997,-9.206572255085034,-8.485357051037793,0,False
9,is_december_peak,9,38,8.346958196737909,0.5381640569319647,-7.121865595028148,-7.1361706655925845,-9.784825416945994,-9.206572255085021,-8.485357051037793,0,False
9,orders_approved_prev_7d,9,38,8.823126268362568,0.7569594586012189,-7.231021042453474,-7.242004518312791,-11.119806466833108,-9.880310127150755,-8.642489187062708,0,False
9,route_type,9,38,8.345328138667526,0.5382639995482583,-7.117510012828469,-7.136581949000304,-9.780198209160668,-9.210462348219858,-8.481888174128326,0,False
10,order_approved_day_of_month,10,39,8.348475309267629,0.539844064091587,-7.120793139678606,-7.1350180296839625,-9.803171394439525,-9.192605979747936,-8.49078800278811,0,False
10,order_approved_month,10,40,8.505991035948657,0.3544924821237009,-8.759679369673412,-7.203828399386954,-9.256599810266687,-8.92468075220003,-8.385166848216196,0,False
10,order_item_count,10,39,8.34415249744812,0.5375629634017801,-7.119714463210579,-7.136290136705841,-9.786739517680052,-9.192898445199937,-8.485119924444191,0,False
10,order_frieght_value_sum,10,39,8.343899073122582,0.538061925185106,-7.121274021188751,-7.132045992285047,-9.781970889771847,-9.20428276370954,-8.47992169865773,0,False
10,order_product_category_count,10,39,8.344953465079831,0.5378885968813916,-7.120889325029991,-7.135853906365423,-9.786324273593818,-9.199215446389431,-8.482484374020492,0,False
10,seller_state_count,10,39,8.344674597467371,0.5379436834719934,-7.120849542683354,-7.134809221874426,-9.785808041735791,-9.199209877231377,-8.482696303811913,0,False
10,payment_value_sum,10,39,8.345910165406574,0.5376015673831495,-7.123846996519505,-7.137640159803068,-9.790605468634341,-9.195147804295022,-8.482310397780939,0,False
10,order_product_volume_cm3_sum,10,39,8.346254983767514,0.5385211628917705,-7.118485407325334,-7.135096346156168,-9.78388586285705,-9.205858215459083,-8.487949087039937,0,False
10,order_product_photos_mean,10,39,8.345014457833123,0.5382884674187135,-7.120676248638832,-7.13205700797464,-9.783259506111246,-9.203161971901341,-8.485917554539562,0,False
10,freight_to_price_ratio,10,39,8.345686446838657,0.5387559943600267,-7.119008980501555,-7.132837039455349,-9.784132592006197,-9.206234111513737,-8.486219510716447,0,False
10,payment_installments_max,10,39,8.346577439803244,0.5379136660817787,-7.123165108186732,-7.136627471284437,-9.787487947754572,-9.20169204556135,-8.483914626229138,0,False
10,is_black_friday_period,10,39,8.345052004458285,0.5380785282551795,-7.120865277885119,-7.134750302918399,-9.786103910634543,-9.200251815345064,-8.483288715508305,0,False
10,is_december_peak,10,39,8.345052004458287,0.5380785282551794,-7.120865277885119,-7.134750302918399,-9.786103910634536,-9.200251815345075,-8.483288715508305,0,False
10,orders_approved_prev_7d,10,39,8.823628364383351,0.7581514553474882,-7.232710279771924,-7.2409073925290866,-11.131001359975285,-9.873473634572907,-8.64004915506755,0,False
10,route_type,10,39,8.343430949701036,0.5381680244716968,-7.116531052781838,-7.135193965374739,-9.781464856363609,-9.20414800427413,-8.47981686971087,0,True
11,order_approved_day_of_month,11,40,8.346789019004472,0.5398745445858025,-7.1164811147132205,-7.13544778810057,-9.798098945939376,-9.19664086335581,-8.487276382913382,0,False
11,order_approved_month,11,41,8.507060527649859,0.3539493825113717,-8.77139989867347,-7.208111762934342,-9.254345130384769,-8.923438953039133,-8.37800689321759,0,False
11,order_item_count,11,40,8.342519852785012,0.5376591890328278,-7.115378285878934,-7.136657917001864,-9.782123470358549,-9.19677286554687,-8.481666725138833,0,True
11,order_frieght_value_sum,11,40,8.342824089053105,0.5381207101482283,-7.118302001156495,-7.132431259188561,-9.778687204110557,-9.20719083930297,-8.477509141506946,0,False
11,order_product_category_count,11,40,8.34333852512803,0.5379660732406791,-7.116548279282887,-7.136366607373982,-9.781646190640876,-9.20311593095826,-8.479015617384134,0,False
11,seller_state_count,11,40,8.342917724442623,0.5379997301466081,-7.11647323248049,-7.135215775211208,-9.781019417484252,-9.202862088058552,-8.479018108978606,0,False
11,payment_value_sum,11,40,8.344402189834842,0.5377056091699614,-7.119690592352426,-7.13794450923142,-9.785893334163218,-9.199421549876531,-8.479060963550612,0,False
11,order_product_volume_cm3_sum,11,40,8.344703216627352,0.5386438783454451,-7.113952298222443,-7.135639999841144,-9.779140281338162,-9.210132464154235,-8.484651039580775,0,False
11,order_product_photos_mean,11,40,8.343356533207011,0.5384098517051786,-7.116009646980812,-7.1324955194479225,-9.778248121192483,-9.20757703850638,-8.482452339907459,0,False
11,freight_to_price_ratio,11,40,8.344084591328908,0.5388281003766229,-7.114815557488268,-7.133312275462775,-9.779625047432681,-9.209897311301745,-8.482772764959075,0,False
11,payment_installments_max,11,40,8.344963191498627,0.5380093275821626,-7.118797169846697,-7.137083198881003,-9.782860759919613,-9.205610346213398,-8.48046448263243,0,False
11,is_black_friday_period,11,40,8.343430949701036,0.5381680244716968,-7.116531052781836,-7.1351939653747385,-9.781464856363607,-9.20414800427413,-8.47981686971087,0,False
11,is_december_peak,11,40,8.34343094970104,0.5381680244716974,-7.116531052781836,-7.1351939653747385,-9.781464856363609,-9.204148004274135,-8.47981686971087,0,False
11,orders_approved_prev_7d,11,40,8.824609475233242,0.7594334712474763,-7.228155961210563,-7.24072963231787,-11.131876384657453,-9.882770265777413,-8.639515132202908,0,False
12,order_approved_day_of_month,12,41,8.345794880471958,0.5393290425720841,-7.1153434388188606,-7.136906123476864,-9.798322285191164,-9.189456855256287,-8.488945699616615,0,False
12,order_approved_month,12,42,8.50577564748911,0.35314295915459587,-8.773416381529852,-7.208161911673276,-9.251151858484306,-8.915172020721306,-8.380976065036807,0,False
12,order_frieght_value_sum,12,41,8.339710624759817,0.5370714668765597,-7.1143936315822325,-7.134312842791573,-9.77720024139988,-9.193328216878541,-8.479318191146858,0,True
12,order_product_category_count,12,41,8.342439709995247,0.5375144239893199,-7.115430059676968,-7.137497639443332,-9.782247993990827,-9.196124942049073,-8.48089791481603,0,False
12,seller_state_count,12,41,8.342011680946639,0.5374956823461647,-7.115316862113801,-7.1366777962556744,-9.781712164122284,-9.195476147245635,-8.480875434995802,0,False
12,payment_value_sum,12,41,8.343238103395056,0.5371198741547402,-7.118360959226112,-7.139937573866896,-9.787568264227188,-9.18986696536959,-8.480456754285491,0,False
12,order_product_volume_cm3_sum,12,41,8.343802886579482,0.5381327165609973,-7.112568201149787,-7.137111283737762,-9.779584868707765,-9.202699320772888,-8.487050758529206,0,False
12,order_product_photos_mean,12,41,8.342371076216635,0.5378739048057837,-7.114719018909322,-7.133949862109932,-9.778676982127644,-9.200034926801106,-8.484474591135177,0,False
12,freight_to_price_ratio,12,41,8.343277446181936,0.5384141150753865,-7.113083361149028,-7.134511637547833,-9.779571496129691,-9.203562261949001,-8.485658474134128,0,False
12,payment_installments_max,12,41,8.344063179964836,0.5374996206163701,-7.117577940034178,-7.138619333880034,-9.783502314343087,-9.198255609883432,-8.482360701683445,0,False
12,is_black_friday_period,12,41,8.342519852785012,0.5376591890328292,-7.115378285878934,-7.136657917001864,-9.78212347035856,-9.196772865546869,-8.481666725138833,0,False
12,is_december_peak,12,41,8.342519852785006,0.5376591890328255,-7.115378285878934,-7.136657917001864,-9.78212347035855,-9.196772865546837,-8.481666725138833,0,False
12,orders_approved_prev_7d,12,41,8.822042604912976,0.7579956158563608,-7.2272976455050895,-7.243924443328916,-11.129355217684514,-9.870934049962859,-8.638701668083517,0,False
13,order_approved_day_of_month,13,42,8.342912797643734,0.5386665032035446,-7.114474160312855,-7.134608813654207,-9.79286809586388,-9.186254350104791,-8.486358568282942,0,False
13,order_approved_month,13,43,8.510817172183451,0.35289518383357976,-8.791395376832348,-7.217739742580296,-9.258981833187221,-8.91246553583354,-8.373503372483857,0,False
13,order_product_category_count,13,42,8.33957972966584,0.5369364545209597,-7.114471288446101,-7.134994850710626,-9.777305239775345,-9.192666554031852,-8.478460715365271,0,False
13,seller_state_count,13,42,8.33921889099771,0.5369137570888246,-7.114323075418652,-7.13434889369439,-9.776824190605915,-9.192052523293757,-8.478545771975844,0,True
13,payment_value_sum,13,42,8.340598928685967,0.537129934237367,-7.115493645311251,-7.134536609501375,-9.778110079355518,-9.194209421200277,-8.48064488806141,0,False
13,order_product_volume_cm3_sum,13,42,8.340779352783844,0.537451689934176,-7.112301808348611,-7.1343987848235395,-9.775028673901074,-9.198081743243158,-8.484085753602843,0,False
13,order_product_photos_mean,13,42,8.339720720285863,0.537279964792799,-7.113807503184634,-7.1317197323796995,-9.773729122128055,-9.196730833358133,-8.482616410378792,0,False
13,freight_to_price_ratio,13,42,8.340419690173466,0.5374984804464534,-7.113434142851857,-7.133452653992087,-9.776467773238162,-9.196925137140367,-8.481818743644848,0,False
13,payment_installments_max,13,42,8.340694029814577,0.5368188328158003,-7.116415332952709,-7.135922292136574,-9.777948182363891,-9.194101951313483,-8.479082390306221,0,False
13,is_black_friday_period,13,42,8.339710624759817,0.5370714668765605,-7.1143936315822325,-7.134312842791573,-9.777200241399884,-9.193328216878543,-8.479318191146856,0,False
13,is_december_peak,13,42,8.339710624759817,0.5370714668765603,-7.1143936315822325,-7.134312842791573,-9.77720024139988,-9.193328216878546,-8.479318191146856,0,False
13,orders_approved_prev_7d,13,42,8.82049284844511,0.7596334171953807,-7.221020308221565,-7.23273890690823,-11.124928173632743,-9.878938385636525,-8.64483846782648,0,False
14,order_approved_day_of_month,14,43,8.342404566237203,0.5384997780713628,-7.114407279681978,-7.134636517069745,-9.792379532996874,-9.1850428659344,-8.48555663550302,0,False
14,order_approved_month,14,44,8.509715835800524,0.35274896753906165,-8.789492822085302,-7.217285053160019,-9.25817833459006,-8.910967163584647,-8.372655805582594,0,False
14,order_product_category_count,14,43,8.33905855852767,0.5367902426661645,-7.114399469879173,-7.13495289185237,-9.77696292784954,-9.191380769451555,-8.47759673360571,0,True
14,payment_value_sum,14,43,8.340112195981238,0.5369680025257696,-7.115435345471455,-7.1345968327078735,-9.777748720161673,-9.192907825281951,-8.479872256283244,0,False
14,order_product_volume_cm3_sum,14,43,8.340299283710744,0.5372966700409757,-7.112233378560141,-7.134439406648894,-9.77466653077271,-9.1968293678241,-8.48332773474787,0,False
14,order_product_photos_mean,14,43,8.339244688330826,0.5371217587375817,-7.113745977230937,-7.131789326865882,-9.773373115480293,-9.19548341594258,-8.481831606134437,0,False
14,freight_to_price_ratio,14,43,8.33993258837385,0.5373390577280057,-7.1133700310553385,-7.133499850258953,-9.776100703245294,-9.195640547811648,-8.481051809498009,0,False
14,payment_installments_max,14,43,8.34020931497122,0.5366590979913858,-7.1163592615843365,-7.135968386033827,-9.777578445032521,-9.192823422128862,-8.478317060076554,0,False
14,is_black_friday_period,14,43,8.33921889099771,0.5369137570888245,-7.1143230754186515,-7.13434889369439,-9.776824190605913,-9.192052523293757,-8.478545771975842,0,False
14,is_december_peak,14,43,8.339218890997714,0.5369137570888253,-7.1143230754186515,-7.13434889369439,-9.776824190605915,-9.192052523293764,-8.478545771975842,0,False
14,orders_approved_prev_7d,14,43,8.82033020786881,0.7596428608459912,-7.220848898070711,-7.233090145529607,-11.125562470624482,-9.877867569979099,-8.644281955140142,0,False
15,order_approved_day_of_month,15,44,8.34219771669349,0.5383501790483701,-7.11448665679027,-7.135229976242885,-9.79227818706433,-9.184441467496477,-8.484552295873488,0,False
15,order_approved_month,15,45,8.510132033721026,0.35228795704197713,-8.789456279867757,-7.219850671985344,-9.258494096820447,-8.9104687841747,-8.372390335756892,0,False
15,payment_value_sum,15,44,8.339954826217014,0.5368454395050327,-7.115511458823276,-7.135203563895869,-9.7778950304386,-9.192239196035612,-8.478924881891704,0,False
15,order_product_volume_cm3_sum,15,44,8.340167807104404,0.537171273739337,-7.112299639747604,-7.135126759615099,-9.774835204849234,-9.196193100060597,-8.482384331249493,0,False
15,order_product_photos_mean,15,44,8.339081193981439,0.5369981303093079,-7.113829338754103,-7.132369610608923,-9.773502235411591,-9.194808793095342,-8.480895992037231,0,False
15,freight_to_price_ratio,15,44,8.339766265841034,0.5372147465812782,-7.113447617022611,-7.134095573291664,-9.776249775537485,-9.194936044387296,-8.48010231896611,0,False
15,payment_installments_max,15,44,8.340058634552861,0.5365326898845711,-7.1164490293787726,-7.13659969308664,-9.777727853760503,-9.192154687595504,-8.47736190894288,0,False
15,is_black_friday_period,15,44,8.339058558527668,0.5367902426661642,-7.114399469879173,-7.13495289185237,-9.776962927849537,-9.191380769451555,-8.47759673360571,0,True
15,is_december_peak,15,44,8.33905855852767,0.5367902426661647,-7.114399469879173,-7.13495289185237,-9.776962927849539,-9.19138076945156,-8.47759673360571,0,False
15,orders_approved_prev_7d,15,44,8.819786606253048,0.759441834550607,-7.2208971056772,-7.233169252105121,-11.12462767059983,-9.877030065748643,-8.643208937134448,0,False
16,order_approved_day_of_month,16,45,8.342197716693487,0.5383501790483698,-7.11448665679027,-7.135229976242885,-9.792278187064328,-9.184441467496477,-8.484552295873488,0,False
16,order_approved_month,16,46,8.51013203372103,0.3522879570419763,-8.789456279867764,-7.219850671985347,-9.258494096820442,-8.9104687841747,-8.372390335756892,0,False
16,payment_value_sum,16,45,8.339954826217014,0.5368454395050334,-7.115511458823276,-7.135203563895869,-9.777895030438605,-9.192239196035612,-8.478924881891704,0,False
16,order_product_volume_cm3_sum,16,45,8.340167807104406,0.5371712737393375,-7.112299639747604,-7.1351267596151,-9.774835204849238,-9.196193100060599,-8.482384331249493,0,False
16,order_product_photos_mean,16,45,8.339081193981439,0.5369981303093079,-7.113829338754104,-7.132369610608923,-9.773502235411591,-9.194808793095344,-8.480895992037233,0,False
16,freight_to_price_ratio,16,45,8.339766265841032,0.537214746581278,-7.11344761702261,-7.134095573291663,-9.776249775537481,-9.194936044387296,-8.48010231896611,0,False
16,payment_installments_max,16,45,8.340058634552861,0.5365326898845716,-7.1164490293787726,-7.13659969308664,-9.777727853760506,-9.192154687595504,-8.47736190894288,0,False
16,is_december_peak,16,45,8.339058558527666,0.5367902426661636,-7.114399469879173,-7.13495289185237,-9.776962927849539,-9.191380769451547,-8.47759673360571,0,True
16,orders_approved_prev_7d,16,45,8.81978660625305,0.7594418345506073,-7.2208971056772,-7.23316925210512,-11.124627670599832,-9.877030065748643,-8.64320893713445,0,False
17,order_approved_day_of_month,17,46,8.34219771669349,0.5383501790483706,-7.11448665679027,-7.135229976242885,-9.792278187064333,-9.184441467496477,-8.484552295873488,0,False
17,order_approved_month,17,47,8.510132033721025,0.3522879570419759,-8.789456279867744,-7.219850671985347,-9.258494096820446,-8.9104687841747,-8.372390335756892,0,False
17,payment_value_sum,17,46,8.33995482621701,0.5368454395050324,-7.115511458823276,-7.135203563895869,-9.7778950304386,-9.192239196035608,-8.478924881891704,0,False
17,order_product_volume_cm3_sum,17,46,8.340167807104404,0.5371712737393367,-7.112299639747604,-7.1351267596151,-9.77483520484923,-9.1961931000606,-8.482384331249493,0,False
17,order_product_photos_mean,17,46,8.339081193981439,0.5369981303093073,-7.113829338754104,-7.132369610608923,-9.77350223541159,-9.19480879309534,-8.480895992037231,0,True
17,freight_to_price_ratio,17,46,8.339766265841035,0.5372147465812793,-7.113447617022611,-7.134095573291663,-9.776249775537492,-9.194936044387296,-8.480102318966113,0,False
17,payment_installments_max,17,46,8.34005863455286,0.5365326898845711,-7.1164490293787726,-7.13659969308664,-9.777727853760501,-9.192154687595506,-8.47736190894288,0,False
17,orders_approved_prev_7d,17,46,8.819786606253047,0.759441834550606,-7.220897105677199,-7.233169252105119,-11.124627670599821,-9.877030065748645,-8.643208937134448,0,False
18,order_approved_day_of_month,18,47,8.342079339704082,0.538492195904513,-7.113862023610184,-7.1326171199603206,-9.788204798535778,-9.18806465763955,-8.487648098774576,0,False
18,order_approved_month,18,48,8.51490189738639,0.35246997714952416,-8.814997200425628,-7.221778947846321,-9.253234089166094,-8.911422644899679,-8.373076604594226,0,False
18,payment_value_sum,18,47,8.339837231611785,0.5370165398865059,-7.11493520704918,-7.132802305289524,-9.774797714911735,-9.19492353887259,-8.4817273919359,0,False
18,order_product_volume_cm3_sum,18,47,8.340171750809045,0.5373462527285419,-7.112006044597099,-7.132720054816439,-9.77185760397118,-9.199086854109332,-8.485188196551182,0,False
18,freight_to_price_ratio,18,47,8.339622862287092,0.5373257632882661,-7.113146395566302,-7.131744081958343,-9.773069796897655,-9.197487851567665,-8.482666185445495,0,True
18,payment_installments_max,18,47,8.34011637694942,0.5367531508683281,-7.115881164549075,-7.134010422083225,-9.77430425417953,-9.195670233743392,-8.480715810191873,0,False
18,orders_approved_prev_7d,18,47,8.819322931698661,0.7589742204330902,-7.2211770079285404,-7.230417461396342,-11.118625665320655,-9.880167461979486,-8.646227061868288,0,False
19,order_approved_day_of_month,19,48,8.3426402281559,0.538822983625866,-7.113176187427446,-7.1319900461198085,-9.787810517274506,-9.190736340511277,-8.489488049446464,0,False
19,order_approved_month,19,49,8.5150488156171,0.3524786165153767,-8.814916818760944,-7.221157183696346,-9.251949528079795,-8.912560427587941,-8.374660119960476,0,False
19,payment_value_sum,19,48,8.3405407532621,0.5373240661491401,-7.1139406775121525,-7.1339380795543015,-9.776985159398288,-9.195128539236043,-8.482711310609721,0,True
19,order_product_volume_cm3_sum,19,48,8.340743910879148,0.5377153240181668,-7.111146978507898,-7.132034522626197,-9.771303260078197,-9.20210261414802,-8.487132179035425,0,False
19,payment_installments_max,19,48,8.340822141619409,0.537256280237073,-7.114582377816156,-7.133187159503563,-9.773808829944585,-9.199386753381877,-8.483145587450856,0,False
19,orders_approved_prev_7d,19,48,8.819353356697505,0.7589614136129335,-7.2209143276970185,-7.230453123794435,-11.11791091482606,-9.88120026410754,-8.64628815306247,0,False
20,order_approved_day_of_month,20,49,8.343610761329689,0.5388553816082226,-7.113990994008452,-7.134196402873057,-9.792000467460353,-9.188313608295875,-8.489552334010716,0,False
20,order_approved_month,20,50,8.519429463217836,0.35293483011311827,-8.832493407423849,-7.2240827691313925,-9.255048845049357,-8.910875406096801,-8.374646888387788,0,False
20,order_product_volume_cm3_sum,20,49,8.341757974898249,0.5377451288340476,-7.111773088515887,-7.134500750785731,-9.775600326070176,-9.199655987117376,-8.487259722002076,0,False
20,payment_installments_max,20,49,8.341281128625642,0.5372973066011945,-7.114914779977522,-7.134588383286475,-9.777129712204797,-9.196825142489212,-8.482947625170203,0,True
20,orders_approved_prev_7d,20,49,8.81988228604817,0.7588702900941927,-7.222315277446514,-7.23217778311442,-11.120975490110215,-9.877901969414847,-8.646040910154854,0,False
21,order_approved_day_of_month,21,50,8.34431763358771,0.5388224249849759,-7.114911380431125,-7.134829122418628,-9.79206302848763,-9.189988486997724,-8.489796149603434,0,False
21,order_approved_month,21,51,8.519558336124362,0.3528605763914161,-8.834894655562275,-7.224229187694803,-9.253582632010735,-8.910735820066334,-8.374349385287662,0,False
21,order_product_volume_cm3_sum,21,50,8.342491370141898,0.537712854774251,-7.11276833258864,-7.13515281614594,-9.77573725586716,-9.201330866479772,-8.48746757962798,0,True
21,orders_approved_prev_7d,21,50,8.821651963889625,0.7579495585068656,-7.227484977441144,-7.23569232361376,-11.120696363700702,-9.87837332936468,-8.646012825327833,0,False
22,order_approved_day_of_month,22,51,8.345583845776375,0.5392592131800221,-7.112756217014116,-7.135425651457875,-9.790861894044207,-9.19452638174845,-8.494349084617227,0,True
22,order_approved_month,22,52,8.517326233556194,0.3531904170957039,-8.828954670373696,-7.219339502771132,-9.249952405825503,-8.912573064536682,-8.375811524273958,0,False
22,orders_approved_prev_7d,22,51,8.824450939317439,0.7587727505319757,-7.225455026046373,-7.237721136375022,-11.123357167319567,-9.885124036179155,-8.650597330667075,0,False
23,order_approved_month,23,53,8.548086879710175,0.36248282365759693,-8.955643324944104,-7.217901217503849,-9.278871763953159,-8.908519089274062,-8.379499002875704,0,True
23,orders_approved_prev_7d,23,52,8.84262454150817,0.766343095742144,-7.235746927559471,-7.246857059978426,-11.190540140537179,-9.877902264714388,-8.662076314751396,0,False
24,orders_approved_prev_7d,24,54,8.65090223753217,0.6032258703304224,-7.681250847760857,-7.139607223968733,-10.40463778487491,-9.611745638391971,-8.417269692664384,0,True
