Model,Variant,CV MAE,Holdout MAE,June MAE,June RMSE,June R²,June selected
Decision Tree,default,8.816127792611507,8.26916897911494,7.685756002595717,11.420073234444597,-0.3828632952075326,False
Decision Tree,tuned,5.750080145319354,5.883066362129134,7.546635711506315,9.12743615941742,0.11663725447382789,False
Dummy (median),reference,6.441199000587517,6.732583613261283,9.24805321219987,11.846157209110983,-0.4879778117649418,False
LightGBM,default,5.6533193991667,5.569163351023158,6.1813674141730495,7.850477367445993,0.34651803944649284,False
LightGBM,tuned,5.536699477841979,5.394492630307906,4.845505076733031,6.910667042723514,0.4936143271294765,True
Linear Regression,default,6.148760699734545,5.585032899200735,6.548511763499381,8.119585422585237,0.300948483898543,False
Olist promise,reference,12.809667151223397,11.86709507813641,19.30726800778715,20.895447529299485,-3.6296144594532853,False
Random Forest,default,5.933251266013976,5.729395512289296,7.027264995064415,8.589899539316031,0.21762017850488247,False
Random Forest,tuned,5.616178862319039,5.669082761741163,6.349643185841473,8.018367603906297,0.31826844420081457,False
Ridge,default,6.158599403204411,5.602044608154504,6.544297157761956,8.115307649845212,0.3016848751371983,False
Ridge,tuned,6.05888546225245,5.627547396225644,6.688574733302619,8.241728603221667,0.27975858538497644,False
