model,variant,family,scored_orders,evaluated_orders,known_late_orders,AP,ROC-AUC,precision_at_0_5,recall_at_0_5,F1_at_0_5,top_decile_late_coverage,top_decile_late_orders
Decision Tree,default,Tree-based,6606,6606,523,0.07701086306336147,0.4716103776659965,0.06652006597031336,0.4627151051625239,0.11631819274212929,0.10516252390057361,55
Decision Tree,tuned,Tree-based,6606,6606,523,0.07814344453878293,0.4766056486292709,0.07123615683926968,0.45506692160611856,0.12318840579710146,0.07265774378585087,38
LightGBM,default,Tree-based,6606,6606,523,0.10889593743792503,0.5002949950792244,0.06990881458966565,0.4397705544933078,0.12063991607658012,0.1147227533460803,60
LightGBM,tuned,Tree-based,6606,6606,523,0.1125967952131649,0.47260663435603534,0.061394728061394725,0.35181644359464626,0.10454545454545454,0.11663479923518165,61
Logistic Regression,default,Linear,6606,6606,523,0.13143296687958855,0.6150334647321359,0.1023278370514064,0.8068833652007649,0.18162255218420487,0.17208413001912046,90
Logistic Regression,tuned,Linear,6606,6606,523,0.13190512721876918,0.6160795421148303,0.1018630534720542,0.8049713193116634,0.18084192439862543,0.17208413001912046,90
Random Forest,default,Tree-based,6606,6606,523,0.09647219998559078,0.4337317207564321,0.06147540983606557,0.14340344168260039,0.08605851979345955,0.11089866156787763,58
Random Forest,tuned,Tree-based,6606,6606,523,0.07971867834673416,0.42313515803846663,0.054279749478079335,0.2982791586998088,0.09184574624668826,0.12619502868068833,66
XGBoost,default,Tree-based,6606,6606,523,0.11199050754365636,0.48922568585177195,0.07213850593138826,0.43021032504780116,0.12355848434925865,0.12619502868068833,66
XGBoost,tuned,Tree-based,6606,6606,523,0.10926699284519215,0.4444269818812985,0.057006252298639204,0.29636711281070743,0.09561998766193708,0.124282982791587,65
