model,variant,period,AP,ROC-AUC,Precision,Recall,F1,Top-10% coverage
Decision Tree,default,2018-06,0.04976698706202072,0.6204337110323531,0.05014464802314368,0.3795620437956204,0.08858603066439523,0.291970802919708
Decision Tree,default,2018-07,0.07793474285528175,0.5231979837823143,0.05785123966942149,0.44025157232704404,0.10226442658875091,0.16037735849056603
Decision Tree,default,2018-08,0.07701086306336147,0.4716103776659965,0.06652006597031336,0.4627151051625239,0.11631819274212929,0.10516252390057361
Decision Tree,default,Pooled,0.06791535163211893,0.529428159970547,0.06116983791402396,0.4437627811860941,0.10751889012758578,0.1492842535787321
Decision Tree,tuned,2018-06,0.07409388722324617,0.6309647699238052,0.04061251664447404,0.44525547445255476,0.07443563148261134,0.29927007299270075
Decision Tree,tuned,2018-07,0.09500574094667215,0.5527453853676922,0.06207211319032405,0.4276729559748428,0.10840972499003587,0.1792452830188679
Decision Tree,tuned,2018-08,0.07814344453878294,0.47660722025995406,0.07123615683926968,0.45506692160611856,0.12318840579710146,0.07265774378585087
Decision Tree,tuned,Pooled,0.07884361324014562,0.5561272783456275,0.061842479385840206,0.4447852760736196,0.10858711932101847,0.1390593047034765
LightGBM,default,2018-06,0.15093380598332262,0.691098844585465,0.06906474820143885,0.35036496350364965,0.11538461538461539,0.34306569343065696
LightGBM,default,2018-07,0.1328859341382045,0.6142180387365931,0.07473309608540925,0.39622641509433965,0.12574850299401197,0.19811320754716982
LightGBM,default,2018-08,0.10889593743792503,0.5002949950792244,0.06990881458966565,0.4397705544933078,0.12063991607658012,0.1147227533460803
LightGBM,default,Pooled,0.11844399712262887,0.6354590184414501,0.07123964027508375,0.4130879345603272,0.12152203338847947,0.1738241308793456
LightGBM,tuned,2018-06,0.14511104324512153,0.7002629580843842,0.0718954248366013,0.32116788321167883,0.11748998664886515,0.32116788321167883
LightGBM,tuned,2018-07,0.13646435310894128,0.6176957326497082,0.07760381211708646,0.3584905660377358,0.12758813654169,0.20125786163522014
LightGBM,tuned,2018-08,0.1125967952131649,0.47260663435603534,0.061394728061394725,0.35181644359464626,0.10454545454545454,0.11663479923518165
LightGBM,tuned,Pooled,0.117318544827295,0.6145478617592393,0.06734935013784955,0.3496932515337423,0.11294583883751651,0.17280163599182005
Logistic Regression,default,2018-06,0.0759866883453942,0.6984860503647209,0.060515873015873016,0.44525547445255476,0.10655021834061135,0.3357664233576642
Logistic Regression,default,2018-07,0.09975952569984148,0.5864506402487564,0.07258437355524734,0.4937106918238994,0.12656187021362353,0.20440251572327045
Logistic Regression,default,2018-08,0.13143296687958855,0.6150334647321359,0.1023278370514064,0.8068833652007649,0.18162255218420487,0.17208413001912046
Logistic Regression,default,Pooled,0.11149745083865834,0.6746655708591012,0.08773132282385196,0.65439672801636,0.1547201740601958,0.20552147239263804
Logistic Regression,tuned,2018-06,0.11933154501330054,0.7173879820392836,0.06481481481481481,0.40875912408759124,0.11188811188811189,0.3357664233576642
Logistic Regression,tuned,2018-07,0.14403927261819705,0.607853999672917,0.08183856502242152,0.4591194968553459,0.13891531874405327,0.2358490566037736
Logistic Regression,tuned,2018-08,0.13190512721876918,0.6160795421148303,0.1018630534720542,0.8049713193116634,0.18084192439862543,0.17208413001912046
Logistic Regression,tuned,Pooled,0.13361891340138518,0.6870623792681797,0.09187435481492405,0.6370143149284253,0.16058770460110838,0.21574642126789367
Random Forest,default,2018-06,0.12853106660802335,0.6654925733747662,0.0734375,0.34306569343065696,0.12097812097812098,0.3357664233576642
Random Forest,default,2018-07,0.1196487376445194,0.5772181264641568,0.091324200913242,0.25157232704402516,0.13400335008375208,0.1918238993710692
Random Forest,default,2018-08,0.09647219998559078,0.4337317207564321,0.06147540983606557,0.14340344168260039,0.08605851979345955,0.11089866156787763
Random Forest,default,Pooled,0.10280898966006427,0.5389615773051356,0.07383040935672515,0.2065439672801636,0.10877759827679052,0.1687116564417178
Random Forest,tuned,2018-06,0.14079770057860094,0.6811269354952175,0.07889125799573561,0.27007299270072993,0.12211221122112212,0.32116788321167883
Random Forest,tuned,2018-07,0.09031236556569518,0.5499094023370189,0.061562338334195554,0.3742138364779874,0.10573078631719236,0.1761006289308176
Random Forest,tuned,2018-08,0.07971869309877393,0.42313547236460325,0.054279749478079335,0.2982791586998088,0.09184574624668826,0.12619502868068833
Random Forest,tuned,Pooled,0.08495565604095216,0.5628667632292841,0.05913570887035633,0.31901840490797545,0.09977614326830828,0.16973415132924335
XGBoost,default,2018-06,0.13638111850167867,0.6920988858242789,0.0761904761904762,0.35036496350364965,0.12516297262059975,0.35036496350364965
XGBoost,default,2018-07,0.13539028046523519,0.6038683523355568,0.07820895522388059,0.4119496855345912,0.13146011038635222,0.2138364779874214
XGBoost,default,2018-08,0.11199050754365636,0.48922568585177195,0.07213850593138826,0.43021032504780116,0.12355848434925865,0.12619502868068833
XGBoost,default,Pooled,0.11676485011118404,0.6120490356756392,0.07448377581120944,0.4130879345603272,0.12621055920024993,0.18609406952965235
XGBoost,tuned,2018-06,0.07850057733659743,0.6497065979676543,0.047976011994003,0.46715328467153283,0.08701563562202583,0.34306569343065696
XGBoost,tuned,2018-07,0.12691310831670202,0.6027533458318035,0.08673026886383348,0.31446540880503143,0.13596193065941536,0.22012578616352202
XGBoost,tuned,2018-08,0.10926699284519215,0.4444269818812985,0.057006252298639204,0.29636711281070743,0.09561998766193708,0.124282982791587
XGBoost,tuned,Pooled,0.10147083596566854,0.5454448103987981,0.0612754514022282,0.3261758691206544,0.10316946959896507,0.18609406952965235
Monthly selected model,Holdout-selected,2018-06,0.11933154501330054,0.7173879820392836,0.06481481481481481,0.40875912408759124,0.11188811188811189,0.3357664233576642
Monthly selected model,Holdout-selected,2018-07,0.14403927261819705,0.607853999672917,0.08183856502242152,0.4591194968553459,0.13891531874405327,0.2358490566037736
Monthly selected model,Holdout-selected,2018-08,0.10926699284519215,0.4444269818812985,0.057006252298639204,0.29636711281070743,0.09561998766193708,0.124282982791587
Monthly selected model,Holdout-selected,Pooled,0.11404634083940954,0.5878317284480139,0.0665176076020123,0.36503067484662577,0.11252955082742316,0.1901840490797546
