decile,scored_orders,known_orders,late_orders,capture_pct,lift,cumulative_capture_pct
1,617,615,47,34.306569343065696,3.4273208011451692,34.306569343065696
2,616,614,13,9.489051094890511,0.9495212816380699,43.7956204379562
3,617,617,15,10.94890510948905,1.093825787599522,54.74452554744526
4,616,612,15,10.94890510948905,1.0956014788131576,65.69343065693431
5,616,616,11,8.02919708029197,0.8034410844629822,73.72262773722628
6,617,617,11,8.02919708029197,0.8021389109063162,81.75182481751825
7,616,616,6,4.37956204379562,0.43824059152526307,86.13138686131387
8,617,616,7,5.109489051094891,0.5104520342131103,91.24087591240875
9,616,616,9,6.569343065693431,0.6573608872878945,97.81021897810218
10,616,616,3,2.18978102189781,0.21912029576263153,100.0
