Model,Configuration,Selected,AP (%),ROC-AUC,Precision (%),Recall (%),F1 (%),Top-decile capture (%)
Decision Tree,default,,7.70,0.472,6.65,46.27,11.63,10.52
Decision Tree,tuned,,7.81,0.477,7.12,45.51,12.32,7.27
LightGBM,default,,10.89,0.500,6.99,43.98,12.06,11.47
LightGBM,tuned,,11.26,0.473,6.14,35.18,10.45,11.66
Logistic Regression,default,,13.14,0.615,10.23,80.69,18.16,17.21
Logistic Regression,tuned,,13.19,0.616,10.19,80.50,18.08,17.21
Random Forest,default,,9.65,0.434,6.15,14.34,8.61,11.09
Random Forest,tuned,,7.97,0.423,5.43,29.83,9.18,12.62
XGBoost,default,,11.20,0.489,7.21,43.02,12.36,12.62
XGBoost,tuned,Yes,10.93,0.444,5.70,29.64,9.56,12.43
