model,variant,mae,rmse,r2,median_ae,bias,evaluation_orders
Decision Tree,default,7.237598306110103,11.820976310937208,-0.4680958462062841,4.0,2.025257108287961,6612
Decision Tree,tuned,4.646710178657435,7.574279500562035,0.3972595055264978,2.9722222222222214,0.4759595273827091,6612
Dummy (median),reference,6.161826981246219,9.143425963746136,0.1216540134769617,5.0,-2.789776164549304,6612
LightGBM,default,4.686037530684668,7.49175447179808,0.41032218717081426,3.0737445999130797,0.9213397270307746,6612
LightGBM,tuned,4.773648991175795,7.5133361929710505,0.4069198886442612,3.2246589897804228,0.9926387673131609,6612
Linear Regression,default,5.124226503263583,7.344711555911516,0.4332425922404438,3.8921847641269878,2.8271507950321735,6612
Olist promise,reference,9.10798548094374,12.085323802929635,-0.5344908312579053,7.0,7.340895341802783,6612
Random Forest,default,4.627514172222713,7.513425520480012,0.4069057860718388,2.9725509869983746,0.8024511428581282,6612
Random Forest,tuned,4.681085193314464,7.535802288066976,0.4033677742198659,3.0788308445193495,0.336281563169089,6612
Ridge,default,5.057075759782487,7.301033971142811,0.4399633433903656,3.8148210596565426,2.726461738020522,6612
Ridge,tuned,5.123304133348023,7.344130770306883,0.4333322217723432,3.890869587726173,2.825923267856195,6612
