Period,Model,Best_CV_MAE_days,Parameters
2018-06,Ridge,6.058885462252396,"{""model__alpha"": 1000.0}"
2018-06,Decision Tree,5.750080145319354,"{""model__max_depth"": 6, ""model__min_samples_leaf"": 100}"
2018-06,Random Forest,5.616178862319039,"{""model__max_depth"": 16, ""model__max_features"": 0.5, ""model__min_samples_leaf"": 60, ""model__n_estimators"": 200}"
2018-06,LightGBM,5.536699477841979,"{""model__colsample_bytree"": 0.6, ""model__learning_rate"": 0.02, ""model__min_child_samples"": 50, ""model__n_estimators"": 600, ""model__num_leaves"": 63, ""model__objective"": ""regression_l1"", ""model__subsample"": 0.7, ""model__subsample_freq"": 1}"
2018-07,Ridge,6.055754923086846,"{""model__alpha"": 1000.0}"
2018-07,Decision Tree,6.077177920051345,"{""model__max_depth"": 12, ""model__min_samples_leaf"": 200}"
2018-07,Random Forest,5.97377938511651,"{""model__max_depth"": 16, ""model__max_features"": 0.5, ""model__min_samples_leaf"": 60, ""model__n_estimators"": 200}"
2018-07,LightGBM,5.953841942630468,"{""model__colsample_bytree"": 0.8, ""model__learning_rate"": 0.05, ""model__min_child_samples"": 50, ""model__n_estimators"": 400, ""model__num_leaves"": 31, ""model__objective"": ""regression"", ""model__subsample"": 1.0, ""model__subsample_freq"": 1}"
2018-08,Ridge,6.454236539886824,"{""model__alpha"": 0.01}"
2018-08,Decision Tree,6.550654753684311,"{""model__max_depth"": null, ""model__min_samples_leaf"": 100}"
2018-08,Random Forest,6.434717879047577,"{""model__max_depth"": 16, ""model__max_features"": 0.5, ""model__min_samples_leaf"": 60, ""model__n_estimators"": 200}"
2018-08,LightGBM,6.417362277948193,"{""model__colsample_bytree"": 0.8, ""model__learning_rate"": 0.05, ""model__min_child_samples"": 50, ""model__n_estimators"": 400, ""model__num_leaves"": 31, ""model__objective"": ""regression"", ""model__subsample"": 1.0, ""model__subsample_freq"": 1}"
