Model,Variant,CV MAE (days),Holdout MAE (days),Holdout RMSE (days),Holdout R²,August MAE (days),August RMSE (days),August R²,Selected
Decision Tree,default,9.75735719043054,8.616102017510467,12.4469869374821,-0.2426174066107616,7.237598306110103,11.820976310937208,-0.4680958462062841,False
Decision Tree,tuned,6.550654753684311,6.815946996595522,8.550601266834315,0.41358877490250334,4.646710178657435,7.574279500562035,0.3972595055264978,False
Dummy (median),reference,7.309784020665026,10.768747620860298,13.421677095801078,-0.4448492528929031,6.161826981246219,9.143425963746136,0.1216540134769617,False
LightGBM,default,6.399672913553026,6.3543099340982145,7.973647327248246,0.49005538340606214,4.686037530684668,7.49175447179808,0.41032218717081426,False
LightGBM,tuned,6.417362277948193,6.184369961792309,7.836270035018773,0.5074755986663481,4.773648991175795,7.5133361929710505,0.4069198886442612,False
Linear Regression,default,6.453467808567602,5.993752705433201,7.626418764031081,0.5335014883542353,5.124226503263583,7.344711555911516,0.4332425922404438,False
Olist promise,reference,12.114278850724869,18.856870955462504,21.051823958223295,-2.5545810779586953,9.10798548094374,12.085323802929635,-0.5344908312579053,False
Random Forest,default,6.562380394114915,6.98665430812801,8.571132516276585,0.4107692749931475,4.627514172222713,7.513425520480012,0.4069057860718388,False
Random Forest,tuned,6.434717879047577,6.680674439614111,8.289816905062583,0.4488131568548911,4.681085193314464,7.535802288066976,0.4033677742198659,False
Ridge,default,6.49337965237776,5.987536240936477,7.620756614852051,0.534193924401452,5.057075759782487,7.301033971142811,0.4399633433903656,True
Ridge,tuned,6.454236538879461,5.993257166459338,7.626027670285361,0.5335493325594711,5.123304133348023,7.344130770306883,0.4333322217723432,False
