Model,Variant,MAE (days),RMSE (days),R²
Decision Tree,default,7.483,11.801,-0.213
Decision Tree,tuned,5.814,8.242,0.408
Dummy (median),reference,7.023,10.02,0.125
LightGBM,default,5.347,7.708,0.482
LightGBM,tuned,4.968,7.426,0.52
Linear Regression,default,5.764,7.832,0.466
Monthly champion,selected,5.186,7.43,0.519
Olist promise,reference,13.496,16.079,-1.252
Random Forest,default,5.599,7.996,0.443
Random Forest,tuned,5.35,7.766,0.475
Ridge,default,5.736,7.815,0.468
Ridge,tuned,5.792,7.861,0.462
