feature,mae_increase_days,std
promised_lead_days,5.272241170084952,0.031496601413046804
order_product_weight_g_sum,0.046063084385113126,0.0036614714755903483
order_pdt_price_sum,0.021886861941456105,0.0009262776472634938
order_product_volume_cm3_sum,0.021717527998193552,0.004456880844908543
order_approved_day_of_week,0.02018957454411101,0.004371485533041889
orders_approved_prev_7d,0.019435710126465187,0.0027059086000457235
payment_type_value_credit_card,0.01623085147974308,0.0009968313880778898
approval_lag_hours,0.010326091685989169,0.0012813139290498688
order_revenue_sum,0.007713005933523398,0.0012749589605458827
order_approved_week_of_year,0.005357817143195475,0.0014172288357411347
payment_type_value_boleto,0.005338452286819085,0.0005361878196516951
order_item_count,0.005304476428772453,0.0023118043784007493
seller_zip_code_prefix_count,0.004408171646439562,0.0021418453598234855
payment_type_count_boleto,0.004336905582105111,0.00024244918853224222
payment_value_sum,0.0027725048545436336,0.0015494083278457635
payment_installments_max,0.002106080762225382,0.0004015950111620509
order_product_photos_mean,0.0018491728047440148,0.0012509916283636965
order_seller_count,0.001120757251469051,0.0011301489886947113
is_weekend_approval,0.0011079883737822982,0.00017390297471936428
seller_state_count,0.0002092023227813655,0.00022388766516072775
