Period,Model,Variant,Orders,mae,rmse,r2,median_ae,bias
2018-06,Decision Tree,default,6164,7.685756002595717,11.420073234444597,-0.3828632952075326,5.0,4.583225178455549
2018-06,Decision Tree,tuned,6164,7.546635711506315,9.12743615941742,0.11663725447382789,7.09209726443769,5.763140944375102
2018-06,Dummy (median),reference,6164,9.24805321219987,11.846157209110983,-0.4879778117649418,8.0,7.009571706683971
2018-06,LightGBM,default,6164,6.1813674141730495,7.850477367445993,0.34651803944649284,5.386629965386513,4.373520684339005
2018-06,LightGBM,tuned,6164,4.845505076733031,6.910667042723514,0.4936143271294765,3.8820887626625993,2.480069345700387
2018-06,Linear Regression,default,6164,6.548511763499244,8.119585422585194,0.30094848389855033,5.716767773744187,4.804652216896273
2018-06,Monthly champion,selected,6164,4.845505076733031,6.910667042723514,0.4936143271294765,3.8820887626625993,2.480069345700387
2018-06,Olist promise,reference,6164,19.30726800778715,20.895447529299485,-3.6296144594532853,19.0,18.676833225178456
2018-06,Random Forest,default,6164,7.027264995064415,8.589899539316031,0.21762017850488247,6.412881272078058,5.334384816184651
2018-06,Random Forest,tuned,6164,6.349643185841473,8.018367603906297,0.31826844420081457,5.625197688198591,4.531759707972047
2018-06,Ridge,default,6164,6.54429715776315,8.115307649854515,0.3016848751355973,5.710779509974424,4.800836068142153
2018-06,Ridge,tuned,6164,6.688574733304672,8.241728603223802,0.2797585853846033,5.843990463024499,4.965245545438346
2018-07,Decision Tree,default,6159,7.542295827244683,12.149732881523985,-0.7471066904234789,4.0,2.9896087027114793
2018-07,Decision Tree,tuned,6159,5.3322574612499345,7.991688587167474,0.24410221653394115,3.8529411764705888,1.8364938943466884
2018-07,Dummy (median),reference,6159,5.719759701250203,8.85760786446854,0.07142098125751084,4.0,-0.6257509335931157
2018-07,LightGBM,default,6159,5.220868518313579,7.793731466456182,0.28108616187344315,3.887798098808929,1.9045734924965136
2018-07,LightGBM,tuned,6159,5.297866308800289,7.819070617144315,0.27640386575719766,3.9323101090087746,2.018947116132569
2018-07,Linear Regression,default,6159,5.665836224197697,8.043911399678631,0.23419089788994207,4.354840822900567,2.5355763474124693
2018-07,Monthly champion,selected,6159,5.665836224197697,8.043911399678631,0.23419089788994207,4.354840822900567,2.5355763474124693
2018-07,Olist promise,reference,6159,12.389998376359799,14.178918419723495,-1.3794258456250592,11.0,10.829355414840071
2018-07,Random Forest,default,6159,5.21354739411432,7.8812323153984165,0.26485293793605136,3.7461576254073083,1.8244874082554061
2018-07,Random Forest,tuned,6159,5.0687546852700684,7.753592510548823,0.28847213438718644,3.6830246450129707,1.5123049942204347
2018-07,Ridge,default,6159,5.656484046489182,8.03868000341552,0.2351866692090997,4.346012904852573,2.521261459666196
2018-07,Ridge,tuned,6159,5.613006715351371,8.0045588150966,0.2416655824335765,4.333135885249556,2.465907758973091
2018-08,Decision Tree,default,6612,7.237598306110103,11.820976310937208,-0.4680958462062841,4.0,2.025257108287961
2018-08,Decision Tree,tuned,6612,4.646710178657435,7.574279500562035,0.3972595055264978,2.9722222222222214,0.4759595273827091
2018-08,Dummy (median),reference,6612,6.161826981246219,9.143425963746136,0.1216540134769617,5.0,-2.789776164549304
2018-08,LightGBM,default,6612,4.686037530684668,7.49175447179808,0.41032218717081426,3.0737445999130797,0.9213397270307746
2018-08,LightGBM,tuned,6612,4.773648991175795,7.5133361929710505,0.4069198886442612,3.2246589897804228,0.9926387673131609
2018-08,Linear Regression,default,6612,5.124226503264123,7.344711555911906,0.43324259224038364,3.8921847641278244,2.8271507950329835
2018-08,Monthly champion,selected,6612,5.057075760000652,7.301033971288319,0.43996334336804277,3.814821059957726,2.7264617383484246
2018-08,Olist promise,reference,6612,9.10798548094374,12.085323802929635,-0.5344908312579053,7.0,7.340895341802783
2018-08,Random Forest,default,6612,4.627514172222713,7.513425520480012,0.4069057860718388,2.9725509869983746,0.8024511428581282
2018-08,Random Forest,tuned,6612,4.681085193314464,7.535802288066976,0.4033677742198659,3.0788308445193495,0.336281563169089
2018-08,Ridge,default,6612,5.057075760000652,7.301033971288319,0.43996334336804277,3.814821059957726,2.7264617383484246
2018-08,Ridge,tuned,6612,5.123304134023509,7.344130770720751,0.43333222170847563,3.8908695885470754,2.8259232688789706
Pooled,Decision Tree,default,18935,7.482598362820174,11.801086629195895,-0.2131083246413883,4.0,3.1716398204383416
Pooled,Decision Tree,tuned,18935,5.813725055761618,8.241820833753982,0.40829951574356027,4.412371134020619,2.639662586293311
Pooled,Dummy (median),reference,18935,7.022709268550304,10.019782386911745,0.12547512906359148,5.0,1.1041457618167414
Pooled,LightGBM,default,18935,5.346784161507422,7.708398450755993,0.4824123597928689,4.136901540162025,2.3649616009336754
Pooled,LightGBM,tuned,18935,4.967553156511103,7.425976880111978,0.5196444956180315,3.698277403602857,1.8106770670521413
Pooled,Linear Regression,default,18935,5.764050565335376,7.832333841047595,0.4656350468989191,4.658079047697896,3.376055560888308
Pooled,Monthly champion,selected,18935,5.186214075676806,7.4301411459073154,0.5191056065557927,4.018305750587746,2.5841630411708674
Pooled,Olist promise,reference,18935,13.495748613678373,16.07885243551259,-1.2519859934701065,12.0,12.16583047266966
Pooled,Random Forest,default,18935,5.59933580864345,7.996024822729932,0.4430658439440184,4.275891215491917,2.610191334089526
Pooled,Random Forest,tuned,18935,5.3503562715764685,7.76626426648806,0.47461228336949557,4.067336267012557,2.0845813041994914
Pooled,Ridge,default,18935,5.736187897961617,7.814864185920005,0.4680161406571919,4.624329513511939,3.334996982734202
Pooled,Ridge,tuned,18935,5.792139949833775,7.860509281495362,0.4617835643612852,4.691679351129938,3.405244472322418
