Period,Model,Variant,CV_MAE_days,CV_MAE_std_days
2018-06,Linear Regression,default,6.148760699734545,1.5056172187837848
2018-06,Ridge,default,6.158599403204411,1.7272912056870997
2018-06,Ridge,tuned,6.05888546225245,1.5409422070557945
2018-06,Decision Tree,default,8.816127792611507,1.2650641925676303
2018-06,Decision Tree,tuned,5.750080145319354,0.797299120890108
2018-06,Random Forest,default,5.933251266013976,0.9177029160678987
2018-06,Random Forest,tuned,5.616178862319039,0.7436520311646833
2018-06,LightGBM,default,5.6533193991667,0.8180736390313498
2018-06,LightGBM,tuned,5.536699477841979,0.8079226537320737
2018-07,Linear Regression,default,6.107091949057382,0.8332597370923673
2018-07,Ridge,default,6.089762533949818,0.900735620645269
2018-07,Ridge,tuned,6.055754923086795,0.8958063888954029
2018-07,Decision Tree,default,9.265238592315232,0.7340766582538033
2018-07,Decision Tree,tuned,6.077177920051345,0.7141404926901563
2018-07,Random Forest,default,6.131798590084202,0.6424644621783095
2018-07,Random Forest,tuned,5.97377938511651,0.7075615989576167
2018-07,LightGBM,default,5.969908356760017,0.6750533499615323
2018-07,LightGBM,tuned,5.953841942630468,0.6595555098136507
2018-08,Linear Regression,default,6.453467808567602,0.44756974501816665
2018-08,Ridge,default,6.49337965237776,0.543957173043555
2018-08,Ridge,tuned,6.454236538879461,0.4508214863301712
2018-08,Decision Tree,default,9.75735719043054,0.656234788614421
2018-08,Decision Tree,tuned,6.550654753684311,0.3856041815515514
2018-08,Random Forest,default,6.562380394114915,0.2984598968674913
2018-08,Random Forest,tuned,6.434717879047577,0.40406516885233557
2018-08,LightGBM,default,6.399672913553026,0.2693794093718114
2018-08,LightGBM,tuned,6.417362277948193,0.25266185166092553
